asset_id,asset_type,asset_name,brand,model,serial_no,purchase_price,purchase_date,hall,main_location,sub_location,vendor,status,note
O0001,其他設備,紫外燈箱,Beauty life,208B,,1100,,北大第二會堂,3F 導播室,,,使用中,
O0002,其他設備,防潮箱,防潮家,D-1336A(1360公升),,80000,2016-03-01,北大第二會堂,3F 導播室,,數位奇蹟,使用中,攝影機用
O0003,其他設備,防潮箱,,,,,,北大第二會堂,3F 導播室,,,使用中,麥克風用
O0004,其他設備,網路電話系統,TECOM,,,,,北大第二會堂,3F 導播室,機房,,使用中,
O0005,其他設備,網路電話系統,TECOM,,,,,北大第二會堂,3F 導播室,機房,,使用中,
O0006,其他設備,防潮箱,收藏家,AW-80P,,3980,2021-07-01,北大第二會堂,3F 翻譯室,,(自購)PCHOME,使用中,
O0007,其他設備,印表機,Epson,L310,VHYK003675,5000,2016-01-01,北大第二會堂,4F 辦公室,,(自購)PCHOME,使用中,行政彩色印表機
O0008,其他設備,印表機,Epson,M1120,,4490,2021-01-28,北大第二會堂,4F 辦公室,,(自購)PCHOME,使用中,財務印表機
O0009,其他設備,印表機,Epson,M1120,,4490,2021-01-28,北大第二會堂,4F 辦公室,,(自購)PCHOME,使用中,吧檯用印表機
O0010,其他設備,網路電話系統,TECOM,,,,,北大第二會堂,5F 夾層,,,使用中,
O0011,其他設備,紫外燈箱,Beauty life,208B,,1100,,台北幸福會堂,B1 主會堂,控台區,,使用中,
O0012,其他設備,防潮箱,,,,,,台北幸福會堂,B1 主會堂,控台區,,使用中,
O0013,其他設備,防潮箱,,,,,,台北幸福會堂,B1 副會堂,控台區,,使用中,
O0014,其他設備,紫外燈箱,Beauty life,208B,,1100,,桃園會堂,1F 主會堂,技術區,(自購)蝦皮,使用中,
O0015,其他設備,防潮箱,收藏家,AW-80P,,3980,2021-07-01,桃園會堂,1F 主會堂,技術區,(自購)PCHOME,使用中,
O0016,其他設備,防潮箱,防潮家,,,2940,2026-03-13,桃園會堂,1F 主會堂,相機櫃,(自購)PCHOME,使用中,
O0017,其他設備,網路電話系統,TECOM,,,,,桃園會堂,1F 主會堂,控台區,家將,使用中,
M0001,音響設備,喇叭-被動式,CODA,,,,,桃園會堂,1F 主會堂,天花板,音匠,使用中,主喇叭
M0002,音響設備,喇叭-被動式,CODA,,,,,桃園會堂,1F 主會堂,天花板,音匠,使用中,主喇叭
M0003,音響設備,喇叭-被動式,CODA,,,,,桃園會堂,1F 主會堂,天花板,音匠,使用中,後區喇叭
M0004,音響設備,喇叭-被動式,CODA,,,,,桃園會堂,1F 主會堂,天花板,音匠,使用中,後區喇叭
M0005,音響設備,喇叭-被動式,CODA,,,,,桃園會堂,1F 主會堂,天花板,音匠,使用中,左區喇叭
M0006,音響設備,喇叭-被動式,CODA,,,,,桃園會堂,1F 主會堂,天花板,音匠,使用中,右區喇叭
M0007,音響設備,喇叭-被動式,CODA,,,,,桃園會堂,1F 主會堂,天花板,音匠,使用中,左區補償喇叭
M0008,音響設備,喇叭-被動式,CODA,,,,,桃園會堂,1F 主會堂,天花板,音匠,使用中,前區補償喇叭
M0009,音響設備,喇叭-被動式,CODA,,,,,桃園會堂,1F 主會堂,天花板,音匠,使用中,前區補償喇叭
M0010,音響設備,喇叭-主動式監聽,Adam,A7X,,20000,,桃園會堂,1F 主會堂,技術區,音匠,使用中,
M0011,音響設備,喇叭-主動式監聽,Adam,A7X,,20000,,桃園會堂,1F 主會堂,技術區,音匠,使用中,
M0012,音響設備,監聽系統-主機,Behringer,PowerPlay16,,13500,,桃園會堂,1F 主會堂,技術區,音匠,使用中,
M0013,音響設備,監聽系統-樂團子機,Behringer,PowerPlay16,,13500,,桃園會堂,1F 主會堂,技術區,音匠,使用中,
M0014,音響設備,擴大機,CODA,Linus 10 C,,210000,,桃園會堂,1F 主會堂,技術區,音匠,使用中,
M0015,音響設備,麥克風-耳掛式音頭,Countryman,H6 Headset,,21000,,桃園會堂,1F 主會堂,技術區,音匠,使用中,
M0016,音響設備,音控台,Midas,M32,,155000,,桃園會堂,1F 主會堂,技術區,音匠,使用中,
M0017,音響設備,天線增益放大器,Mipro,AD-708,,8000,,桃園會堂,1F 主會堂,技術區,音匠,使用中,
M0018,音響設備,天線增益放大器,Mipro,AD-708,,8000,,桃園會堂,1F 主會堂,技術區,音匠,使用中,
M0019,音響設備,監聽系統-歌手無線接收器,Mipro,MI-909R,,10000,,桃園會堂,1F 主會堂,技術區,音匠,使用中,
M0020,音響設備,監聽系統-歌手無線接收器,Mipro,MI-909R,,10000,,桃園會堂,1F 主會堂,技術區,音匠,使用中,
M0021,音響設備,監聽系統-歌手無線接收器,Mipro,MI-909R,,10000,,桃園會堂,1F 主會堂,技術區,音匠,使用中,
M0022,音響設備,監聽系統-歌手無線接收器,Mipro,MI-909R,,10000,,桃園會堂,1F 主會堂,技術區,音匠,使用中,
M0023,音響設備,監聽系統-歌手無線發送器,Mipro,MI-909T,,11600,,桃園會堂,1F 主會堂,技術區,音匠,使用中,
M0024,音響設備,監聽系統-歌手無線發送器,Mipro,MI-909T,,11600,,桃園會堂,1F 主會堂,技術區,音匠,使用中,
M0025,音響設備,擴大機,Powersoft,M50Q HDSP+ETH,,95000,,桃園會堂,1F 主會堂,技術區,音匠,使用中,
M0026,音響設備,擴大機,Powersoft,M50Q HDSP+ETH,,95000,,桃園會堂,1F 主會堂,技術區,音匠,使用中,
M0027,音響設備,訊號分配器-音響,Rolls,RA163,,4500,,桃園會堂,1F 主會堂,技術區,音匠,使用中,
M0028,音響設備,監聽系統-歌手無線接收器,Sennheiser,ew300 IEM G3,,6500,,桃園會堂,1F 主會堂,技術區,音匠,使用中,
M0029,音響設備,監聽系統-歌手無線發送器,Sennheiser,ew300 IEM G3,,12000,,桃園會堂,1F 主會堂,技術區,音匠,使用中,
M0030,音響設備,麥克風-無線手持式,Shure,QLXD2+KMS9,,32000,,桃園會堂,1F 主會堂,技術區,音匠,使用中,Pastor
M0031,音響設備,麥克風-無線手持式,Shure,QLXD2+SM58,,18000,,桃園會堂,1F 主會堂,技術區,音匠,使用中,Leader
M0032,音響設備,麥克風-無線手持式,Shure,QLXD2+SM58,,18000,,桃園會堂,1F 主會堂,技術區,音匠,使用中,WL3
M0033,音響設備,麥克風-無線手持式,Shure,QLXD2+SM58,,18000,,桃園會堂,1F 主會堂,技術區,音匠,使用中,WL4
M0034,音響設備,麥克風-無線手持式,Shure,QLXD2+SM58,,18000,,桃園會堂,1F 主會堂,技術區,音匠,使用中,WL5
M0035,音響設備,麥克風-無線手持式,Shure,QLXD2+SM58,,18000,,桃園會堂,1F 主會堂,技術區,音匠,使用中,WL6
M0036,音響設備,麥克風-無線耳掛式發送器,Shure,QLXD1,L51 632-696 MHz,7800,2021-08-01,桃園會堂,1F 主會堂,技術區,音匠,使用中,Pastor
M0037,音響設備,麥克風-無線接收器,Shure,QLXD4,L51 632-696 MHz,31000,,桃園會堂,1F 主會堂,技術區,音匠,使用中,WL6/HS
M0038,音響設備,麥克風-無線接收器,Shure,QLXD4,G52 479-534 MHz,31000,,桃園會堂,1F 主會堂,技術區,音匠,使用中,Leader
M0039,音響設備,麥克風-無線接收器,Shure,QLXD4,L51 632-696 MHz,31000,,桃園會堂,1F 主會堂,技術區,音匠,使用中,WL3
M0040,音響設備,麥克風-無線接收器,Shure,QLXD4,L51 632-696 MHz,31000,,桃園會堂,1F 主會堂,技術區,音匠,使用中,WL4
M0041,音響設備,麥克風-無線接收器,Shure,QLXD4,L51 632-696 MHz,31000,,桃園會堂,1F 主會堂,技術區,音匠,使用中,WL5
M0042,音響設備,麥克風-無線接收器,Shure,QLXD4,L51 632-696 MHz,31000,,桃園會堂,1F 主會堂,技術區,音匠,使用中,WL6
M0043,音響設備,不斷電系統,科風,KEW45,VGD-1000RM,1100,,桃園會堂,1F 主會堂,技術區,音匠,使用中,
M0044,音響設備,Stage Box,Bhringer,SD-8,,13500,,桃園會堂,1F 主會堂,控台區,音匠,使用中,
M0045,音響設備,擴大機,Behringer,NX3000,,29800,2021-08-01,桃園會堂,1F 主會堂,設備架,,使用中,學青使用
M0046,音響設備,擴大機,Behringer,NX3000,,29800,2021-08-01,桃園會堂,1F 主會堂,設備架,,使用中,學青使用
M0047,音響設備,喇叭-被動式,CODA,G308,,35000,2016-03-01,桃園會堂,1F 主會堂,設備架,,使用中,學青使用
M0048,音響設備,喇叭-被動式,CODA,G308,,35000,2016-03-01,桃園會堂,1F 主會堂,設備架,,使用中,學青使用
M0049,音響設備,麥克風-無線手持式,Mipro,,,,,桃園會堂,1F 主會堂,設備架,,使用中,學青使用
M0050,音響設備,麥克風-無線手持式,Mipro,,,,,桃園會堂,1F 主會堂,設備架,,使用中,學青使用
M0051,音響設備,麥克風-無線接收器,Mipro,312B,,8500,,桃園會堂,1F 主會堂,設備架,,使用中,學青使用
M0052,音響設備,監聽系統-主機,Behringer,PowerPlay16,,13500,,桃園會堂,1F 主會堂,舞台區,音匠,使用中,
M0053,音響設備,監聽系統-樂團子機,Behringer,PowerPlay16,,13500,,桃園會堂,1F 主會堂,舞台區,音匠,使用中,
M0054,音響設備,監聽系統-樂團子機,Behringer,PowerPlay16,,13500,,桃園會堂,1F 主會堂,舞台區,音匠,使用中,
M0055,音響設備,監聽系統-樂團子機,Behringer,PowerPlay16,,13500,,桃園會堂,1F 主會堂,舞台區,音匠,使用中,
M0056,音響設備,監聽系統-樂團子機,Behringer,PowerPlay16,,13500,,桃園會堂,1F 主會堂,舞台區,音匠,使用中,
M0057,音響設備,喇叭-被動式,CODA,Cue Four,,165000,,桃園會堂,1F 主會堂,舞台區,,使用中,舞台監聽
M0058,音響設備,喇叭-被動式,CODA,Cue Four,,165000,,桃園會堂,1F 主會堂,舞台區,,使用中,舞台監聽
M0059,音響設備,敬拜團-電子鼓,Roland,TD-30,,55000,,桃園會堂,1F 主會堂,舞台區,音匠,使用中,
M0060,音響設備,敬拜團-電鋼琴,Roland,RX-300NX,,18000,,桃園會堂,1F 主會堂,舞台區,音匠,使用中,
M0061,音響設備,敬拜團-電鋼琴,YAMAHA,MODX6,,38000,,桃園會堂,1F 主會堂,舞台區,音匠,使用中,
M0062,音響設備,喇叭-被動式超重低音,,,,,,桃園會堂,1F 主會堂,舞台區,音匠,使用中,
M0063,音響設備,喇叭-被動式超重低音,,,,,,桃園會堂,1F 主會堂,舞台區,音匠,使用中,
M0064,音響設備,喇叭-被動式超重低音,,,,,,桃園會堂,1F 主會堂,舞台區,,使用中,
M0065,音響設備,喇叭-被動式超重低音,,,,,,桃園會堂,1F 主會堂,舞台區,,使用中,
M0066,音響設備,音控台,Behringer,H2222 USB,,13500,,桃園會堂,1F 櫃檯區,,音匠,使用中,
M0067,音響設備,擴大機,Crown,XLS1000,,6500,,桃園會堂,1F 櫃檯區,,音匠,使用中,
M0068,音響設備,擴大機,Crown,XLS1500,,9000,,桃園會堂,1F 櫃檯區,,音匠,使用中,
M0069,音響設備,麥克風-無線手持式,Mipro,ACT-52H,,4000,,桃園會堂,1F 櫃檯區,,音匠,使用中,
M0070,音響設備,麥克風-無線手持式,Mipro,ACT-52H,,4000,,桃園會堂,1F 櫃檯區,,音匠,使用中,
M0071,音響設備,麥克風-無線接收器,Mipro,ACT-52B,,11500,,桃園會堂,1F 櫃檯區,,音匠,使用中,
M0072,音響設備,音控台,Mackie,Mix12FX,,6200,,桃園會堂,2F A教室,,音匠,已停用,
M0073,音響設備,麥克風-無線接收器,Mipro,ACT-53B,,16500,,桃園會堂,2F A教室,,音匠,使用中,
M0074,音響設備,音控台,Mackie,Mix12FX,,6200,,桃園會堂,2F B教室,,音匠,已停用,
M0075,音響設備,麥克風-無線接收器,Mipro,ACT-53B,,16500,,桃園會堂,2F B教室,,音匠,使用中,
M0076,音響設備,喇叭-被動式,Turbosound,NUQ-10,,22000,,桃園會堂,2F 活動區,,音匠,使用中,
M0077,音響設備,喇叭-被動式,Turbosound,NUQ-10,,22000,,桃園會堂,2F 活動區,,音匠,使用中,
M0078,音響設備,擴大機,Crown,XLS1500,,9000,,桃園會堂,2F 活動區,,音匠,已停用,
M0079,音響設備,喇叭-低音補償,IBO,PC-12B,,18000,,桃園會堂,2F 活動區,,音匠,使用中,
M0080,音響設備,喇叭-低音補償,IBO,PC-12B,,18000,,桃園會堂,2F 活動區,,音匠,使用中,
M0081,音響設備,喇叭-被動式,IBO,,,,,桃園會堂,2F 活動區,,音匠,使用中,
M0082,音響設備,喇叭-被動式,IBO,,,,,桃園會堂,2F 活動區,,音匠,使用中,
M0083,音響設備,喇叭-被動式,IBO,,,,,桃園會堂,2F 活動區,,音匠,使用中,
M0084,音響設備,喇叭-被動式,IBO,,,,,桃園會堂,2F 活動區,,音匠,使用中,
M0085,音響設備,麥克風-無線手持式,Mipro,,,,,桃園會堂,2F 活動區,,音匠,使用中,
M0086,音響設備,麥克風-無線手持式,Mipro,,,,,桃園會堂,2F 活動區,,音匠,使用中,
M0087,音響設備,麥克風-無線接收器,Mipro,,,,,桃園會堂,2F 活動區,,音匠,使用中,
M0088,音響設備,音控台,Behringer,X32,,115000,,北大第一會堂,1F 會堂,控台區,,使用中,
M0089,音響設備,擴大機,Crown,XLi1500,,12600,2026-03-12,北大第一會堂,1F 會堂,控台區,,使用中,
M0090,音響設備,擴大機,Crown,XLi2500,,19950,2026-03-12,北大第一會堂,1F 會堂,控台區,,使用中,
M0091,音響設備,擴大機,Crown,XLi2500,,19950,,北大第一會堂,1F 會堂,控台區,,使用中,
M0092,音響設備,麥克風-無線耳掛式子機,Mipro,,,,,北大第一會堂,1F 會堂,控台區,,使用中,
M0093,音響設備,麥克風-無線耳掛式子機,Mipro,,,,,北大第一會堂,1F 會堂,控台區,,使用中,
M0094,音響設備,麥克風-無線耳掛式子機,Mipro,,,,,北大第一會堂,1F 會堂,控台區,,使用中,
M0095,音響設備,麥克風-無線手持式,Shure,,,,,北大第一會堂,1F 會堂,控台區,,使用中,
M0096,音響設備,麥克風-無線手持式,Shure,,,,,北大第一會堂,1F 會堂,控台區,,使用中,
M0097,音響設備,麥克風-無線手持式,Shure,,,,,北大第一會堂,1F 會堂,控台區,,使用中,
M0098,音響設備,麥克風-無線手持式,Shure,,,,,北大第一會堂,1F 會堂,控台區,,使用中,
M0099,音響設備,麥克風-無線手持式,Shure,,,,,北大第一會堂,1F 會堂,控台區,,使用中,
M0100,音響設備,麥克風-無線接收器,Shure,,,,,北大第一會堂,1F 會堂,控台區,,使用中,
M0101,音響設備,監聽系統-分配器,Behringer,P16-D,,10000,2021-08-01,北大第一會堂,1F 會堂,舞台區,音匠,使用中,
M0102,音響設備,敬拜團-電鋼琴,KORG,PA80,,55000,,北大第一會堂,1F 會堂,舞台區,,使用中,
M0103,音響設備,敬拜團-電子鼓,Roland,TD-9KV,,70000,2021-10-20,北大第一會堂,1F 會堂,舞台區,音匠,使用中,
M0104,音響設備,麥克風-無線接收器,Shure,BLX288,,,,北大第一會堂,1F 會堂,舞台區,,使用中,
M0105,音響設備,麥克風-無線接收器,Shure,BLX288,,,,北大第一會堂,1F 會堂,舞台區,,使用中,
M0106,音響設備,敬拜團-電鋼琴,,,,,,北大第一會堂,1F 會堂,舞台區,,使用中,
M0107,音響設備,擴大機,Crown,XLi2500,,19950,,北大第二會堂,1F 大廳,,音匠,使用中,
M0108,音響設備,擴大機,Crown,XLi2500,,19950,2016-03-01,北大第二會堂,1F 大廳,,,使用中,
M0109,音響設備,喇叭-被動式,JBL,AC-18,,45000,2016-03-01,北大第二會堂,1F 大廳,,,使用中,
M0110,音響設備,喇叭-被動式,JBL,AC-18,,45000,2016-03-01,北大第二會堂,1F 大廳,,,使用中,
M0111,音響設備,麥克風-無線接收器,Mipro,ACT-52B,,16500,2016-03-01,北大第二會堂,1F 大廳,,,使用中,
M0112,音響設備,麥克風-無線手持式,Mipro,ACT-52H,,3980,2016-03-01,北大第二會堂,1F 大廳,,,使用中,
M0113,音響設備,麥克風-無線手持式,Mipro,ACT-52H,,3980,2016-03-01,北大第二會堂,1F 大廳,,,使用中,
M0114,音響設備,喇叭-主動式低音補償,SAMSON,Auro D1500,,21500,2016-03-01,北大第二會堂,1F 大廳,,,使用中,
M0115,音響設備,音控台,Soundcraft,EPM6,,7000,2016-03-01,北大第二會堂,1F 大廳,,音匠,使用中,
M0116,音響設備,麥克風-有線電容式,AKG,C-568B,,14500,2016-03-01,北大第二會堂,2F 會堂,天花板,音匠,使用中,會眾環境音
M0117,音響設備,麥克風-有線電容式,AKG,C-568B,,14500,2016-03-01,北大第二會堂,2F 會堂,天花板,音匠,使用中,會眾環境音
M0118,音響設備,喇叭-被動式,CODA,LA-4,,82000,2016-03-01,北大第二會堂,2F 會堂,天花板,音匠,使用中,主喇叭
M0119,音響設備,喇叭-被動式,CODA,LA-4,,82000,2016-03-01,北大第二會堂,2F 會堂,天花板,音匠,使用中,主喇叭
M0120,音響設備,喇叭-被動式,CODA,LA-4,,82000,2016-03-01,北大第二會堂,2F 會堂,天花板,音匠,使用中,主喇叭
M0121,音響設備,喇叭-被動式,CODA,LA-4,,82000,2016-03-01,北大第二會堂,2F 會堂,天花板,音匠,使用中,主喇叭
M0122,音響設備,喇叭-被動式,CODA,LA-4,,82000,2016-03-01,北大第二會堂,2F 會堂,天花板,音匠,使用中,主喇叭
M0123,音響設備,喇叭-被動式,CODA,LA-4,,82000,2016-03-01,北大第二會堂,2F 會堂,天花板,音匠,使用中,主喇叭
M0124,音響設備,喇叭-被動式,CODA,LA-4,,82000,2016-03-01,北大第二會堂,2F 會堂,天花板,音匠,使用中,主喇叭
M0125,音響設備,喇叭-被動式,CODA,LA-4,,82000,2016-03-01,北大第二會堂,2F 會堂,天花板,音匠,使用中,主喇叭
M0126,音響設備,喇叭-被動式,CODA,LA-4,,82000,2016-03-01,北大第二會堂,2F 會堂,天花板,音匠,使用中,主喇叭
M0127,音響設備,喇叭-被動式,CODA,LA-4,,82000,2016-03-01,北大第二會堂,2F 會堂,天花板,音匠,使用中,主喇叭
M0128,音響設備,喇叭-被動式,CODA,LA-4,,82000,2016-03-01,北大第二會堂,2F 會堂,天花板,音匠,使用中,主喇叭
M0129,音響設備,喇叭-被動式,CODA,LA-4,,82000,2016-03-01,北大第二會堂,2F 會堂,天花板,音匠,使用中,主喇叭
M0130,音響設備,喇叭-被動式,CODA,LA-4,,82000,2016-03-01,北大第二會堂,2F 會堂,天花板,音匠,使用中,主喇叭
M0131,音響設備,喇叭-被動式,CODA,LA-4,,82000,2016-03-01,北大第二會堂,2F 會堂,天花板,音匠,使用中,主喇叭
M0132,音響設備,喇叭-被動式,CODA,LA-4,,82000,2016-03-01,北大第二會堂,2F 會堂,天花板,音匠,使用中,主喇叭
M0133,音響設備,喇叭-被動式,CODA,LA-4,,82000,2016-03-01,北大第二會堂,2F 會堂,天花板,音匠,使用中,主喇叭
M0134,音響設備,喇叭-被動式超重低音,CODA,LA4-SUB,,85000,2016-03-01,北大第二會堂,2F 會堂,天花板,音匠,使用中,主喇叭低音補償
M0135,音響設備,喇叭-被動式超重低音,CODA,LA4-SUB,,85000,2016-03-01,北大第二會堂,2F 會堂,天花板,音匠,使用中,主喇叭低音補償
M0136,音響設備,喇叭-被動式,CODA,G308,,35000,2016-03-01,北大第二會堂,2F 會堂,後區,音匠,使用中,夾層下方輔助喇叭
M0137,音響設備,喇叭-被動式,CODA,G308,,35000,2016-03-01,北大第二會堂,2F 會堂,後區,音匠,使用中,夾層下方輔助喇叭
M0138,音響設備,喇叭-被動式,CODA,G308,,35000,2016-03-01,北大第二會堂,2F 會堂,後區,音匠,使用中,夾層下方輔助喇叭
M0139,音響設備,喇叭-被動式,CODA,G308,,35000,2016-03-01,北大第二會堂,2F 會堂,後區,音匠,使用中,夾層下方輔助喇叭
M0140,音響設備,敬拜團-節拍器,BOSS,DB-90,,5500,2016-03-01,北大第二會堂,2F 會堂,舞台區,,使用中,
M0141,音響設備,喇叭-被動式,CODA,CUE FOUR,,6900,2016-03-01,北大第二會堂,2F 會堂,舞台區,音匠,使用中,會堂聲音
M0142,音響設備,喇叭-被動式,CODA,CUE FOUR,,6900,2016-03-01,北大第二會堂,2F 會堂,舞台區,音匠,使用中,會堂聲音
M0143,音響設備,喇叭-被動式,CODA,CUE FOUR,,6900,2016-03-01,北大第二會堂,2F 會堂,舞台區,音匠,使用中,會堂聲音
M0144,音響設備,喇叭-被動式,CODA,CUE FOUR,,6900,2016-03-01,北大第二會堂,2F 會堂,舞台區,音匠,使用中,會堂聲音
M0145,音響設備,喇叭-被動式低音補償,CODA,,,45000,2016-03-01,北大第二會堂,2F 會堂,舞台區,音匠,使用中,會堂聲音
M0146,音響設備,喇叭-被動式低音補償,CODA,,,45000,2016-03-01,北大第二會堂,2F 會堂,舞台區,音匠,使用中,會堂聲音
M0147,音響設備,喇叭-被動式,JBL,AC-15,,35000,2016-03-01,北大第二會堂,2F 會堂,舞台區,音匠,使用中,會堂聲音
M0148,音響設備,喇叭-被動式,JBL,AC-15,,35000,2016-03-01,北大第二會堂,2F 會堂,舞台區,音匠,使用中,會堂聲音
M0149,音響設備,喇叭-被動式,JBL,AC-15,,35000,2016-03-01,北大第二會堂,2F 會堂,舞台區,音匠,使用中,會堂聲音
M0150,音響設備,喇叭-被動式,JBL,AC-15,,35000,2016-03-01,北大第二會堂,2F 會堂,舞台區,音匠,使用中,會堂聲音
M0151,音響設備,敬拜團-電子鼓,Roland,TD-30,,230000,2016-03-01,北大第二會堂,2F 會堂,舞台區,音匠,使用中,敬拜團
M0152,音響設備,監整系統-樂手子機,Roland,M48,,35900,2016-03-01,北大第二會堂,2F 會堂,舞台區,音匠,使用中,
M0153,音響設備,監整系統-樂手子機,Roland,M48,,35900,2016-03-01,北大第二會堂,2F 會堂,舞台區,音匠,使用中,
M0154,音響設備,監整系統-樂手子機,Roland,M48,,35900,2016-03-01,北大第二會堂,2F 會堂,舞台區,音匠,使用中,
M0155,音響設備,監整系統-樂手子機,Roland,M48,,35900,2016-03-01,北大第二會堂,2F 會堂,舞台區,音匠,使用中,
M0156,音響設備,監整系統-樂手子機,Roland,M48,,35900,2016-03-01,北大第二會堂,2F 會堂,舞台區,音匠,使用中,
M0157,音響設備,監聽系統-主機,Roland,RSS S-1608,,62400,2016-03-01,北大第二會堂,2F 會堂,舞台區,音匠,使用中,會堂聲音
M0158,音響設備,麥克風-無線接收器,Shure,BLX288,,17500,2021-08-01,北大第二會堂,2F 會堂,舞台區,音匠,使用中,WL5/WL6
M0159,音響設備,敬拜團-電鋼琴,YAMAHA,CP88,,82500,2025-05-30,北大第二會堂,2F 會堂,舞台區,,使用中,
M0160,音響設備,敬拜團-電鋼琴,YAMAHA,MODX6,,42000,2016-03-01,北大第二會堂,2F 會堂,舞台區,,使用中,
M0161,音響設備,Stage Box,Midas,DL-251,,215000,,北大第二會堂,2F 會堂,貓道,音匠,使用中,
M0162,音響設備,Stage Box,Midas,DL-231,,210000,,北大第二會堂,2F 會堂,貓道,音匠,使用中,
M0163,音響設備,天線增益放大器,Mipro,AD-708,,9500,2016-03-01,北大第二會堂,2F 會堂,貓道,音匠,使用中,
M0164,音響設備,天線增益放大器,Mipro,AD-708,,9500,2016-03-01,北大第二會堂,2F 會堂,貓道,音匠,使用中,
M0165,音響設備,天線增益放大器,Mipro,AD-808,,18500,,北大第二會堂,2F 會堂,貓道,音匠,使用中,
M0166,音響設備,天線增益放大器,Mipro,AD-808,,18500,,北大第二會堂,2F 會堂,貓道,音匠,使用中,
M0167,音響設備,麥克風-無線耳掛式發送器,Mipro,MI-909T,,14500,2016-03-01,北大第二會堂,2F 會堂,貓道,,使用中,
M0168,音響設備,麥克風-無線耳掛式發送器,Mipro,MI-909T,,14500,2016-03-01,北大第二會堂,2F 會堂,貓道,,使用中,
M0169,音響設備,麥克風-無線耳掛式發送器,Mipro,MI-909T,,14500,2016-03-01,北大第二會堂,2F 會堂,貓道,,使用中,
M0170,音響設備,麥克風-無線耳掛式發送器,Mipro,MI-909T,,14500,2016-03-01,北大第二會堂,2F 會堂,貓道,,使用中,
M0171,音響設備,麥克風-無線耳掛式發送器,Mipro,MI-909T,,14500,2016-03-01,北大第二會堂,2F 會堂,貓道,,使用中,
M0172,音響設備,監整系統-樂手子機,Roland,M48,,35900,2016-03-01,北大第二會堂,2F 會堂,貓道,音匠,使用中,
M0173,音響設備,監聽系統-主機,Roland,S-1608,,35900,2016-03-01,北大第二會堂,2F 會堂,貓道,音匠,使用中,
M0174,音響設備,監聽系統-主機,Roland,M48,,35900,2016-03-01,北大第二會堂,2F 會堂,貓道,音匠,使用中,敬拜團個人監聽
M0175,音響設備,監聽系統-樂手分配器,Roland,S-4000D,,59280,2016-03-01,北大第二會堂,2F 會堂,貓道,音匠,使用中,
M0176,音響設備,監聽系統-歌手無線發送器,Sennheiser,SR 300 G3,,21000,2016-03-01,北大第二會堂,2F 會堂,貓道,,使用中,
M0177,音響設備,麥克風-無線接收器,Shure,QLXD4,L51 632-696MHz,18000,2016-03-01,北大第二會堂,2F 會堂,貓道,音匠,使用中,Pastor
M0178,音響設備,麥克風-無線接收器,Shure,QLXD4,G52 479-534MHz,18000,2016-03-01,北大第二會堂,2F 會堂,貓道,音匠,使用中,Leader
M0179,音響設備,麥克風-無線接收器,Shure,QLXD4,G52 479-534MHz,18000,2016-03-01,北大第二會堂,2F 會堂,貓道,音匠,使用中,WL1
M0180,音響設備,麥克風-無線接收器,Shure,QLXD4,G52 479-534MHz,18000,2016-03-01,北大第二會堂,2F 會堂,貓道,音匠,使用中,WL2
M0181,音響設備,麥克風-無線接收器,Shure,QLXD4,G52 479-534MHz,18000,2016-03-01,北大第二會堂,2F 會堂,貓道,音匠,使用中,WL3
M0182,音響設備,麥克風-無線接收器,Shure,QLXD4,G52 479-534MHz,18000,2016-03-01,北大第二會堂,2F 會堂,貓道,音匠,使用中,WL4
M0183,音響設備,麥克風-無線接收器,Shure,QLXD4,G52 479-534MHz,18000,2016-03-01,北大第二會堂,2F 會堂,貓道,音匠,使用中,Pastor HS
M0184,音響設備,麥克風-無線接收器,Mipro,ACT-52,,16800,2016-03-01,北大第二會堂,2F 會堂,翻譯室,音匠,使用中,耳掛麥克風使用
M0185,音響設備,喇叭-被動式,CODA,G308,,35000,2016-03-01,北大第二會堂,3F 座位區,,音匠,使用中,夾層上方輔助喇叭
M0186,音響設備,喇叭-被動式,CODA,G308,,35000,2016-03-01,北大第二會堂,3F 座位區,,音匠,使用中,夾層上方輔助喇叭
M0187,音響設備,電腦-筆記型,Acer,Aspire V7,,31500,2016-03-01,北大第二會堂,3F 控台區,,音匠,使用中,
M0188,音響設備,擴大機,CODA,Linus 10 C,,210000,2022-04-12,北大第二會堂,3F 控台區,,,使用中,
M0189,音響設備,擴大機,CODA,Linus 10 C,,210000,2022-04-12,北大第二會堂,3F 控台區,,,使用中,
M0190,音響設備,擴大機,CODA,Linus 10 C,,210000,2022-04-12,北大第二會堂,3F 控台區,,,使用中,
M0191,音響設備,音控台,Midas,HD96,,6300000,2016-03-01,北大第二會堂,3F 控台區,,音匠,使用中,
M0192,音響設備,電腦聲音連結介面,OMEGA,,,8500,2016-03-01,北大第二會堂,3F 控台區,,音匠,使用中,
M0193,音響設備,擴大機,Powersoft,MQ50Q DSP+ETH,,11700,2016-03-01,北大第二會堂,3F 控台區,,音匠,使用中,
M0194,音響設備,訊號分配器-音響,,ROLLS RA163,,11000,2016-03-01,北大第二會堂,3F 控台區,,音匠,使用中,
M0195,音響設備,電源時序控制器,,,,28000,2016-03-01,北大第二會堂,3F 控台區,,音匠,使用中,
M0196,音響設備,麥克風-有線電容式,AKG,Rhythm Pack,,30000,2016-03-01,北大第二會堂,3F 導播室,,音匠,已停用,
M0197,音響設備,喇叭-主動式監聽,Alesis,M1Active 520,,16500,2016-03-01,北大第二會堂,3F 導播室,,,使用中,
M0198,音響設備,Stage Box,Midas,DL153,,68000,2016-03-01,北大第二會堂,3F 導播室,,音匠,使用中,
M0199,音響設備,麥克風-無線耳掛式發送器,Mipro,ACT-30T,,3000,,北大第二會堂,3F 導播室,,,使用中,
M0200,音響設備,麥克風-無線耳掛式發送器,Mipro,ACT-72T,,6500,,北大第二會堂,3F 導播室,,,使用中,
M0201,音響設備,麥克風-無線耳掛式發送器,Mipro,ACT-72T,,6500,,北大第二會堂,3F 導播室,,,使用中,
M0202,音響設備,麥克風-無線耳掛式發送器,Mipro,ACT-72T,,6500,,北大第二會堂,3F 導播室,,,使用中,
M0203,音響設備,麥克風-無線耳掛式發送器,Mipro,ACT-72T,,6500,,北大第二會堂,3F 導播室,,,使用中,
M0204,音響設備,監聽系統-歌手無線接收器,Mipro,909R,,12500,2016-03-01,北大第二會堂,3F 導播室,,,使用中,
M0205,音響設備,監聽系統-歌手無線接收器,Mipro,909R,,12500,2016-03-01,北大第二會堂,3F 導播室,,,使用中,
M0206,音響設備,監聽系統-歌手無線接收器,Mipro,909R,,12500,2016-03-01,北大第二會堂,3F 導播室,,,使用中,
M0207,音響設備,監聽系統-歌手無線接收器,Mipro,909R,,12500,2016-03-01,北大第二會堂,3F 導播室,,,使用中,
M0208,音響設備,監聽系統-歌手無線接收器,Mipro,909R,,12500,2016-03-01,北大第二會堂,3F 導播室,,,使用中,
M0209,音響設備,監聽系統-歌手無線接收器,Sennheiser,ew300,,18000,2016-03-01,北大第二會堂,3F 導播室,,,使用中,
M0210,音響設備,耳掛式音頭模組,Shure,TwinPlex TH53,,16800,2021-08-01,北大第二會堂,3F 導播室,,音匠,使用中,耳掛麥克風使用
M0211,音響設備,麥克風-無線耳掛式發送器,Shure,BLX1,,7800,2021-08-01,北大第二會堂,3F 導播室,,音匠,使用中,耳掛麥克風使用
M0212,音響設備,麥克風-無線手持式,Shure,QLXD2/SM58,,8000,2016-03-01,北大第二會堂,3F 導播室,,音匠,使用中,敬拜團麥克風
M0213,音響設備,麥克風-無線手持式,Shure,QLXD2/SM58,,8000,2016-03-01,北大第二會堂,3F 導播室,,音匠,使用中,敬拜團麥克風
M0214,音響設備,麥克風-無線手持式,Shure,QLXD2/SM58,,8000,2016-03-01,北大第二會堂,3F 導播室,,音匠,使用中,敬拜團麥克風
M0215,音響設備,麥克風-無線手持式,Shure,QLXD2/SM58,,8000,2016-03-01,北大第二會堂,3F 導播室,,音匠,使用中,敬拜團麥克風
M0216,音響設備,麥克風-無線手持式,Shure,QLXD2/SM58,,8000,2016-03-01,北大第二會堂,3F 導播室,,音匠,使用中,敬拜團麥克風
M0217,音響設備,麥克風-無線手持式,Shure,QLXD2/KSM9,,8000,2016-03-01,北大第二會堂,3F 導播室,,音匠,使用中,牧師麥克風
M0218,音響設備,麥克風-無線手持式,Shure,B58(BETA),,7750,2021-08-01,北大第二會堂,3F 導播室,,音匠,使用中,
M0219,音響設備,麥克風-無線手持式,Shure,B58(BETA),,7750,2021-08-01,北大第二會堂,3F 導播室,,音匠,使用中,
M0220,音響設備,音控台,YAMAHA,MG6C,,4500,,北大第二會堂,3F 導播室,,,使用中,
M0221,音響設備,喇叭-主動式監聽,JBL,,,,,北大第二會堂,3F 翻譯室,,,已停用,
M0222,音響設備,喇叭-主動式監聽,JBL,,,,,北大第二會堂,3F 翻譯室,,,已停用,
M0223,音響設備,麥克風-無線接收器,Mipro,ACT-747B,,38000,,北大第二會堂,3F 翻譯室,,,已停用,
M0224,音響設備,喇叭-主動式移動,Mipro,MA-708,,26000,2016-03-01,北大第二會堂,3F 翻譯室,,,使用中,
M0225,音響設備,音控台,PreSonus,Studiolive 24.4.2,,85000,,北大第二會堂,3F 翻譯室,,,已停用,
M0226,音響設備,錄音介面卡,RME,MADIface Pro,,49000,,北大第二會堂,3F 翻譯室,,,已停用,
M0227,音響設備,直播用麥克風,RODE,NT1,,7900,2016-03-01,北大第二會堂,3F 翻譯室,,,已停用,
M0228,音響設備,直播混音機,RODE,CASTER PRO,,23500,2016-03-01,北大第二會堂,3F 翻譯室,,,已停用,
M0229,音響設備,喇叭-主動式音柱,YAMAHA,,,47000,,北大第二會堂,3F 翻譯室,,,已停用,
M0230,音響設備,喇叭-主動式音柱,YAMAHA,,,47000,,北大第二會堂,3F 翻譯室,,,已停用,
M0231,音響設備,音控台,ZOOM,Livetrak L-12,,18500,2025-08-14,北大第二會堂,3F 翻譯室,,阿通柏,已停用,
M0232,音響設備,喇叭-主動式移動,Mipro,MIPRO MA-708,,36000,2023-03-28,北大第二會堂,3F 翻譯室,,音匠,使用中,
M0233,音響設備,擴大機,Crown,XLS2500,,26500,,北大第二會堂,4F A教室,,音匠,已停用,
M0234,音響設備,喇叭-被動式,JBL,CRV,,12500,2016-03-01,北大第二會堂,4F A教室,,音匠,使用中,
M0235,音響設備,喇叭-被動式,JBL,CRV,,12500,2016-03-01,北大第二會堂,4F A教室,,音匠,使用中,
M0236,音響設備,麥克風-無線手持式,Mipro,ACT-52H,,4200,,北大第二會堂,4F A教室,,音匠,使用中,
M0237,音響設備,麥克風-無線手持式,Mipro,ACT-52H,,4200,,北大第二會堂,4F A教室,,音匠,使用中,
M0238,音響設備,麥克風-無線接收器,Mipro,ACT-52B,,16500,,北大第二會堂,4F A教室,,音匠,使用中,
M0239,音響設備,音控台,Soundcraft,EPM6,,8500,,北大第二會堂,4F A教室,,音匠,已停用,
M0240,音響設備,音控台,ALTO,TMX80,,13500,,北大第二會堂,4F B教室,,音匠,已停用,
M0241,音響設備,喇叭-被動式,JBL,CRV,,12500,2016-03-01,北大第二會堂,4F B教室,,音匠,使用中,
M0242,音響設備,喇叭-被動式,JBL,CRV,,12500,2016-03-01,北大第二會堂,4F B教室,,音匠,使用中,
M0243,音響設備,麥克風-無線手持式,TEV,TM-8100,,14900,,北大第二會堂,4F B教室,,音匠,使用中,
M0244,音響設備,麥克風-無線手持式,TEV,TM-8100,,14900,,北大第二會堂,4F B教室,,音匠,使用中,
M0245,音響設備,麥克風-無線接收器,TEV,TM-8100,,14900,,北大第二會堂,4F B教室,,音匠,使用中,
M0246,音響設備,音控台,ALTO,TMX80,,13500,2016-03-01,北大第二會堂,4F C教室,,音匠,已停用,
M0247,音響設備,喇叭-被動式,JBL,CRV,,12500,2016-03-01,北大第二會堂,4F C教室,,音匠,使用中,
M0248,音響設備,喇叭-被動式,JBL,CRV,,12500,2016-03-01,北大第二會堂,4F C教室,,音匠,使用中,
M0249,音響設備,麥克風-無線手持式,Mipro,ACT-52H,,4200,2016-03-01,北大第二會堂,4F C教室,,音匠,使用中,
M0250,音響設備,麥克風-無線手持式,Mipro,ACT-52H,,4200,2016-03-01,北大第二會堂,4F C教室,,音匠,使用中,
M0251,音響設備,麥克風-無線手持式,Mipro,ACT-52H,,4200,2016-03-01,北大第二會堂,4F C教室,,音匠,使用中,
M0252,音響設備,麥克風-無線手持式,Mipro,ACT-52H,,4200,2016-03-01,北大第二會堂,4F C教室,,音匠,使用中,
M0253,音響設備,麥克風-無線接收器,Mipro,ACT-52B,,16500,,北大第二會堂,4F C教室,,音匠,使用中,
M0254,音響設備,麥克風-無線接收器,Mipro,ACT-52B,,16500,,北大第二會堂,4F C教室,,音匠,使用中,
M0255,音響設備,麥克風-無線手持式,Mipro,ACT-52H,,4200,2016-03-01,北大第二會堂,4F 親子教室,,,使用中,
M0256,音響設備,麥克風-無線手持式,Mipro,ACT-52H,,4200,2016-03-01,北大第二會堂,4F 親子教室,,,使用中,
M0257,音響設備,麥克風-無線接收器,Mipro,ACT-52B,,16500,2016-03-01,北大第二會堂,4F 親子教室,,,使用中,
M0258,音響設備,音控台,Superlx,SP110,,12000,2016-03-01,北大第二會堂,4F 親子教室,,音匠,已停用,
M0259,音響設備,喇叭-被動式,YAMAHA,Stagepas 300,,18500,,北大第二會堂,4F 親子教室,,,使用中,
M0260,音響設備,喇叭-被動式,YAMAHA,Stagepas 300,,18500,,北大第二會堂,4F 親子教室,,,使用中,
M0261,音響設備,喇叭-被動式,Electro-Voice,EVID3.2 (Pair),,13650,2021-01-01,台北幸福會堂,1F 開放空間,,喜朵有限公司,使用中,
M0262,音響設備,喇叭-主動式聲霸,JBL,Bar 2.0 ALL-IN-ONE,,8800,2021-08-01,台北幸福會堂,1F 開放空間,,(自購)PCHOME,使用中,
M0263,音響設備,音控台,Behringer,Wing,,176400,,台北幸福會堂,B1 主會堂,控台區,獨奏創藝⼯作室,使用中,
M0264,音響設備,喇叭-被動式,CODA,G512,,97650,,台北幸福會堂,B1 主會堂,控台區,獨奏創藝⼯作室,使用中,
M0265,音響設備,喇叭-被動式,CODA,G512,,97650,,台北幸福會堂,B1 主會堂,控台區,獨奏創藝⼯作室,使用中,
M0266,音響設備,喇叭-被動式,CODA,HOPS8i,,55650,,台北幸福會堂,B1 主會堂,控台區,獨奏創藝⼯作室,使用中,
M0267,音響設備,喇叭-被動式,CODA,HOPS8i,,55650,,台北幸福會堂,B1 主會堂,控台區,獨奏創藝⼯作室,使用中,
M0268,音響設備,喇叭-被動式超重低音,CODA,G18,,120750,,台北幸福會堂,B1 主會堂,控台區,獨奏創藝⼯作室,使用中,
M0269,音響設備,喇叭-被動式超重低音,CODA,G18,,120750,,台北幸福會堂,B1 主會堂,控台區,獨奏創藝⼯作室,使用中,
M0270,音響設備,麥克風-無線手持式,JTS,UF20+SM58,,,2021-10-01,台北幸福會堂,B1 主會堂,控台區,喜朵,使用中,
M0271,音響設備,麥克風-無線手持式,JTS,UF20+SM58,,,2021-10-01,台北幸福會堂,B1 主會堂,控台區,喜朵,使用中,
M0272,音響設備,麥克風-無線接收器,JTS,UF20R,,,2021-01-01,台北幸福會堂,B1 主會堂,控台區,喜朵,使用中,
M0273,音響設備,監聽系統-主機,Midas,HUB4,,,,台北幸福會堂,B1 主會堂,控台區,獨奏創藝⼯作室,使用中,
M0274,音響設備,天線增益放大器-強波天線,Sennheiser,A2003-UHF,,,,台北幸福會堂,B1 主會堂,控台區,獨奏創藝⼯作室,使用中,
M0275,音響設備,集線發射器,Sennheiser,AC41,,,,台北幸福會堂,B1 主會堂,控台區,獨奏創藝⼯作室,使用中,
M0276,音響設備,監聽系統-歌手無線接收器,Sennheiser,EW-IEM-G4 TWIN,,,,台北幸福會堂,B1 主會堂,控台區,獨奏創藝⼯作室,使用中,
M0277,音響設備,監聽系統-歌手無線接收器,Sennheiser,EW-IEM-G4 TWIN,,,,台北幸福會堂,B1 主會堂,控台區,獨奏創藝⼯作室,使用中,
M0278,音響設備,監聽系統-歌手無線接收器,Sennheiser,EW-IEM-G4 TWIN,,,,台北幸福會堂,B1 主會堂,控台區,獨奏創藝⼯作室,使用中,
M0279,音響設備,監聽系統-歌手無線接收器,Sennheiser,EW-IEM-G4 TWIN,,,,台北幸福會堂,B1 主會堂,控台區,獨奏創藝⼯作室,使用中,
M0280,音響設備,天線增益放大器,Shure,UA844+SWB,,54495,,台北幸福會堂,B1 主會堂,控台區,獨奏創藝⼯作室,使用中,
M0281,音響設備,麥克風-無線接收器,Shure,QLXD4,G62 510-530 MHz,50925,,台北幸福會堂,B1 主會堂,控台區,獨奏創藝⼯作室,使用中,
M0282,音響設備,麥克風-無線接收器,Shure,QLXD4,G62 510-530 MHz,50925,,台北幸福會堂,B1 主會堂,控台區,獨奏創藝⼯作室,使用中,
M0283,音響設備,麥克風-無線接收器,Shure,QLXD4,G62 510-530 MHz,50925,,台北幸福會堂,B1 主會堂,控台區,獨奏創藝⼯作室,使用中,
M0284,音響設備,麥克風-無線接收器,Shure,QLXD4,G62 510-530 MHz,50925,,台北幸福會堂,B1 主會堂,控台區,獨奏創藝⼯作室,使用中,
M0285,音響設備,喇叭-主動式監聽,TASNNOY,Gold5,,,,台北幸福會堂,B1 主會堂,控台區,獨奏創藝⼯作室,使用中,音控監聽喇叭
M0286,音響設備,麥克風-無線手持式,,QLXD2+Beta 58A,,,,台北幸福會堂,B1 主會堂,控台區,,使用中,
M0287,音響設備,麥克風-無線手持式,,QLXD2+Beta 58A,,,,台北幸福會堂,B1 主會堂,控台區,,使用中,
M0288,音響設備,麥克風-無線手持式,,QLXD2+Beta 58A,,,,台北幸福會堂,B1 主會堂,控台區,,使用中,
M0289,音響設備,麥克風-無線手持式,,QLXD2+Beta 58A,,,,台北幸福會堂,B1 主會堂,控台區,,使用中,
M0290,音響設備,監聽系統-樂手子機,Midas,Dp48,,16500,2021-01-01,台北幸福會堂,B1 主會堂,舞台區,,使用中,
M0291,音響設備,監聽系統-樂手子機,Midas,Dp48,,16500,2021-01-01,台北幸福會堂,B1 主會堂,舞台區,,使用中,
M0292,音響設備,監聽系統-樂手子機,Midas,Dp48,,16500,2021-01-01,台北幸福會堂,B1 主會堂,舞台區,,使用中,
M0293,音響設備,監聽系統-樂手子機,Midas,Dp48,,16500,2021-01-01,台北幸福會堂,B1 主會堂,舞台區,,使用中,
M0294,音響設備,監聽系統-樂手子機,Midas,Dp48,,16500,2021-01-01,台北幸福會堂,B1 主會堂,舞台區,,使用中,
M0295,音響設備,喇叭-被動式超重低音,Nexo,LS1200,,13000,2021-01-01,台北幸福會堂,B1 主會堂,舞台區,喜朵,使用中,
M0296,音響設備,喇叭-被動式超重低音,Nexo,LS1200,,13000,2021-01-01,台北幸福會堂,B1 主會堂,舞台區,喜朵,使用中,
M0297,音響設備,敬拜團-電子鼓,Roland,VAD-506,,165000,2021-01-01,台北幸福會堂,B1 主會堂,舞台區,,使用中,
M0298,音響設備,敬拜團-電鋼琴,Roland,FANTOM-8,,141000,2021-01-01,台北幸福會堂,B1 主會堂,舞台區,,使用中,
M0299,音響設備,擴⼤機,CODA,LINUS12C+Linus 10,,399000,,台北幸福會堂,B1 主會堂,貓道,獨奏創藝⼯作室,使用中,
M0300,音響設備,Stage Box,Midas,DL16,,,,台北幸福會堂,B1 主會堂,貓道,獨奏創藝⼯作室,使用中,
M0301,音響設備,音控台-控台端數位IO,Midas,DN4488,,18375,,台北幸福會堂,B1 主會堂,貓道,獨奏創藝⼯作室,使用中,
M0302,音響設備,擴⼤機,REYN,QX4,,,,台北幸福會堂,B1 主會堂,貓道,獨奏創藝⼯作室,使用中,
M0303,音響設備,電源時序控制器,,,,,,台北幸福會堂,B1 主會堂,貓道,,使用中,
M0304,音響設備,音控台,Behringer,X32,,,,台北幸福會堂,B1 副會堂,副控區,,使用中,
M0305,音響設備,麥克風-無線手持式,JTS,UF20+JSS-20,,,2021-10-01,台北幸福會堂,B1 副會堂,副控區,喜朵,使用中,
M0306,音響設備,麥克風-無線手持式,JTS,UF20+JSS-20,,,2021-10-01,台北幸福會堂,B1 副會堂,副控區,喜朵,使用中,
M0307,音響設備,麥克風-無線手持式,JTS,UF20+SM58,,,2021-10-01,台北幸福會堂,B1 副會堂,副控區,喜朵,使用中,
M0308,音響設備,麥克風-無線手持式,JTS,UF20+SM58,,,2021-10-01,台北幸福會堂,B1 副會堂,副控區,喜朵,使用中,
M0309,音響設備,麥克風-無線接收器,JTS,UF20R,,,2021-01-01,台北幸福會堂,B1 副會堂,副控區,喜朵,使用中,
M0310,音響設備,麥克風-無線接收器,JTS,UF20R,,,2021-01-01,台北幸福會堂,B1 副會堂,副控區,喜朵,使用中,
M0311,音響設備,喇叭-被動式,Nexo,PS15,,13000,2021-01-01,台北幸福會堂,B1 副會堂,舞台區,喜朵,使用中,主喇叭
M0312,音響設備,喇叭-被動式,Nexo,PS15,,13000,2021-01-01,台北幸福會堂,B1 副會堂,舞台區,喜朵,使用中,主喇叭
M0313,音響設備,喇叭-被動式,Nexo,PS15,,13000,2021-01-01,台北幸福會堂,B1 副會堂,舞台區,喜朵,使用中,監聽喇叭
M0314,音響設備,喇叭-被動式,Nexo,PS15,,13000,2021-01-01,台北幸福會堂,B1 副會堂,舞台區,喜朵,使用中,監聽喇叭
M0315,音響設備,喇叭-被動式超重低音,Nexo,LS1200,,13000,2021-01-01,台北幸福會堂,B1 副會堂,舞台區,喜朵,使用中,
M0316,音響設備,喇叭-被動式超重低音,Nexo,LS1200,,13000,2021-01-01,台北幸福會堂,B1 副會堂,舞台區,喜朵,使用中,
M0317,音響設備,Stage Box,Behringer,S-16,,,,台北幸福會堂,B1 副會堂,貓道,,使用中,
M0318,音響設備,喇叭處理器,Nexo,DTD-TU,,,2023-01-01,台北幸福會堂,B1 副會堂,貓道,獨奏創藝⼯作室,使用中,
M0319,音響設備,擴大機,Powersoft,MQ50Q DSP+ETH,,11700,2016-03-01,台北幸福會堂,B1 副會堂,貓道,,使用中,
M0320,音響設備,擴大機,Powersoft,MQ50Q DSP+ETH,,11700,2016-03-01,台北幸福會堂,B1 副會堂,貓道,,使用中,
M0321,音響設備,擴大機,Powersoft,MQ50Q DSP+ETH,,11700,2016-03-01,台北幸福會堂,B1 副會堂,貓道,,使用中,
M0322,音響設備,電源時序控制器,Rolling Stone,AC-308II,,,,台北幸福會堂,B1 副會堂,貓道,,使用中,
M0323,音響設備,音控台,Behringer,FIOW8,,13900,2025-05-07,台北幸福會堂,B2 B教室,,獨奏創藝⼯作室,使用中,
M0324,音響設備,擴大機,Endwave,CA300.2,,19900,2025-05-07,台北幸福會堂,B2 B教室,,獨奏創藝⼯作室,使用中,
M0325,音響設備,喇叭-被動式,LD,SAT82G2W,,5050,2025-05-07,台北幸福會堂,B2 B教室,,獨奏創藝⼯作室,使用中,
M0326,音響設備,喇叭-被動式,LD,SAT82G2W,,5050,2025-05-07,台北幸福會堂,B2 B教室,,獨奏創藝⼯作室,使用中,
M0327,音響設備,麥克風-無線接收器,Mipro,ACT-5802,,17000,2025-05-07,台北幸福會堂,B2 B教室,,獨奏創藝⼯作室,使用中,
M0328,音響設備,音控台,Behringer,FIOW8,,13900,2025-05-07,台北幸福會堂,B2 C教室,,獨奏創藝⼯作室,使用中,
M0329,音響設備,擴大機,Endwave,CA300.2,,19900,2025-05-07,台北幸福會堂,B2 C教室,,獨奏創藝⼯作室,使用中,
M0330,音響設備,喇叭-被動式,LD,SAT82G2W,,5050,2025-05-07,台北幸福會堂,B2 C教室,,獨奏創藝⼯作室,使用中,
M0331,音響設備,喇叭-被動式,LD,SAT82G2W,,5050,2025-05-07,台北幸福會堂,B2 C教室,,獨奏創藝⼯作室,使用中,
M0332,音響設備,麥克風-無線接收器,Mipro,ACT-5802,,17000,2025-05-07,台北幸福會堂,B2 C教室,,獨奏創藝⼯作室,使用中,
M0333,音響設備,音控台,Behringer,FIOW8,,13900,2025-05-07,台北幸福會堂,B2 D教室,,獨奏創藝⼯作室,使用中,
M0334,音響設備,擴大機,Endwave,CA300.2,,19900,2025-05-07,台北幸福會堂,B2 D教室,,獨奏創藝⼯作室,使用中,
M0335,音響設備,喇叭-被動式,LD,SAT82G2W,,5050,2025-05-07,台北幸福會堂,B2 D教室,,獨奏創藝⼯作室,使用中,
M0336,音響設備,喇叭-被動式,LD,SAT82G2W,,5050,2025-05-07,台北幸福會堂,B2 D教室,,獨奏創藝⼯作室,使用中,
M0337,音響設備,麥克風-無線接收器,Mipro,ACT-5802,,17000,2025-05-07,台北幸福會堂,B2 D教室,,獨奏創藝⼯作室,使用中,
M0338,音響設備,喇叭-主動式行動,,,,,2021-01-01,台北幸福會堂,B2 倉庫,,,使用中,
M0339,音響設備,喇叭-主動式行動,,,,,2021-01-01,台北幸福會堂,B2 倉庫,,,使用中,
M0340,音響設備,喇叭-被動式,Electro-Voice,EVID4.2 (Pair),,17850,2021-01-01,台北幸福會堂,B2 開放空間,,喜朵有限公司,使用中,
M0341,音響設備,麥克風-無線手持式,TEV,TM-8100,,,,台北幸福會堂,B2 開放空間,控台區,,使用中,
M0342,音響設備,麥克風-無線手持式,TEV,TM-8100,,,,台北幸福會堂,B2 開放空間,控台區,,使用中,
M0343,音響設備,麥克風-無線接收器,TEV,TR-8100,,,,台北幸福會堂,B2 開放空間,控台區,,使用中,
M0344,音響設備,擴大機,Crown,XLS1000,,,,飛航福音中心,1F 控台區,,音匠,使用中,
M0345,音響設備,麥克風-無線手持式,Shure,SM58,,3500,2021-08-01,飛航福音中心,1F 控台區,,音匠,使用中,
M0346,音響設備,麥克風-無線手持式,Shure,SM58,,3500,2021-08-01,飛航福音中心,1F 控台區,,音匠,使用中,
M0347,音響設備,麥克風-無線手持式,Shure,BLX288,,17500,2021-08-01,飛航福音中心,1F 控台區,,音匠,使用中,
M0348,音響設備,音控台,YAMAHA,MG10XU,,10900,2025-08-27,飛航福音中心,1F 控台區,,(自購)PCHOME,使用中,
M0349,音響設備,喇叭-主動式移動,,,,,,飛航福音中心,1F 控台區,,(自購)PCHOME,使用中,
M0350,音響設備,喇叭-主動式聲霸,,,,,,飛航福音中心,1F 控台區,,(自購)PCHOME,使用中,
M0351,音響設備,敬拜團-電子琴,NUX,NPK-10,,14800,2016-03-01,桃園會堂,1F 主會堂,技術區,,使用中,
M0352,音響設備,電源時序控制器,,,,,,桃園會堂,1F 主會堂,技術區,,使用中,
M0353,音響設備,麥克風-有線槍型,Sennheiser,MKE 600,,25600,2026-04-24,北大第二會堂,3F 翻譯室,,(自購)THINK2,使用中,合唱團用*2
C0001,電腦設備,電腦-桌上型,DIY自組,,,35940,2024-04-21,桃園會堂,1F 主會堂,控台區,(自購)PCHOME,使用中,簡報電腦
C0002,電腦設備,電腦-桌上型,,,,,,桃園會堂,1F 主會堂,控台區,(自購)PCHOME,使用中,Zoom電腦
C0003,電腦設備,電腦-筆記型,Apple,MacBook Pro A2338,,50000,,桃園會堂,1F 櫃檯區,,(自購)PCHOME,使用中,學青使用
C0004,電腦設備,電腦-筆記型,Asus,X409J,L3N0CX058737116,5500,2020-03-24,桃園會堂,1F 櫃檯區,,(自購)PCHOME,使用中,公用電腦(TAONB001)
C0005,電腦設備,電腦-筆記型,Asus,X412F,M6N0CV15N031259,23900,2021-07-21,桃園會堂,1F 櫃檯區,,(自購)PCHOME,使用中,公用電腦(TAIPU013)
C0006,電腦設備,印表機,HP,Smart Tank 515,,6290,2023-03-14,桃園會堂,1F 櫃檯區,,(自購)PCHOME,使用中,
C0007,電腦設備,電腦-桌上型,HP,285 Pro G8 MT,,13900,2023-01-30,桃園會堂,1F 櫃檯區,,(自購)PCHOME,使用中,依蠶電腦(TAOPU007)
C0008,電腦設備,電腦-桌上型,Intel,NUC11PAHi3,GEPA122005WT,8500,,桃園會堂,1F 櫃檯區,,(自購)PCHOME,使用中,公用電腦
C0009,電腦設備,電腦-桌上型,Asus,D340MC,,16500,2016-01-01,桃園會堂,2F A教室,,(自購)PCHOME,使用中,TAOPU001
C0010,電腦設備,電腦-桌上型,MSI,B760,,15580,2025-05-24,桃園會堂,2F B教室,,(自購)PCHOME,使用中,桃園行道會-B教
C0011,電腦設備,電腦-桌上型,Asus,CM1735,,15000,,桃園會堂,2F 活動區,,(自購)PCHOME,使用中,公用電腦(TAIPU013)
C0012,電腦設備,電腦-桌上型,MSI,Infinite S3 11SA-228TW,,26900,2022-10-08,北大第一會堂,1F 會堂,控台區,(自購)PCHOME,使用中,
C0013,電腦設備,電腦-桌上型,Asus,D320SF-K,,21000,,北大第二會堂,1F 大廳,,,使用中,TAIPU002
C0014,電腦設備,電腦-筆記型,Acer,Aspire A514-53G,,19900,2021-03-20,北大第二會堂,1F 長櫃台,,,使用中,TPIPNB03
C0015,電腦設備,電腦-筆記型,Asus,VivoBook_ASUSLaptop X509JB_X509JB,,21900,2020-05-28,北大第二會堂,1F 長櫃台,,,使用中,TAIPU005
C0016,電腦設備,電腦-桌上型,15吋一體成型全鋁合金主機,CZ15-6412H2,,20000,,北大第二會堂,1F 書房,櫃檯區,喜事多,使用中,POS電腦
C0017,電腦設備,電腦-桌上型,Asus,D340MC-C_S340MC,,16900,,北大第二會堂,1F 書房,櫃檯區,,使用中,張朵電腦(TAIPE002)
C0018,電腦設備,電子發票出單機,Epson,TMT82III,,7200,,北大第二會堂,1F 書房,櫃檯區,喜事多,使用中,
C0019,電腦設備,印表機,FUJI,DocuPrint M115w,,3990,,北大第二會堂,1F 書房,櫃檯區,,使用中,
C0020,電腦設備,印表機,Brother,HL-1110,,2390,,北大第二會堂,1F 短櫃台,,(自購)PCHOME,使用中,
C0021,電腦設備,電腦-桌上型,LENOVO,10A6S1Q500,,25000,,北大第二會堂,1F 短櫃台,,,使用中,能忠電腦(TAIPU003)
C0022,電腦設備,電腦-桌上型,Acer,Aspire TC-705,,18900,,北大第二會堂,3F 控台區,,,使用中,音控電腦
C0023,電腦設備,不斷電系統,科風,KEW45,VGD-1000RM,1100,,北大第二會堂,3F 控台區,,,使用中,
C0024,電腦設備,電腦-桌上型,Acer,Aspire TC-875,,20900,2021-05-05,北大第二會堂,3F 導播室,,,使用中,Zoom View(TAIPU009)
C0025,電腦設備,電腦-桌上型,Asus,,,,,北大第二會堂,3F 導播室,,,使用中,ProPresenter(TAIPE011)
C0026,電腦設備,電腦-桌上型,Asus,D640MB_S640MB,,22500,,北大第二會堂,3F 導播室,,,使用中,PPT(TAIPU007)
C0027,電腦設備,電腦-桌上型,Asus,D340MC-C_S340MC,,19500,,北大第二會堂,3F 導播室,,,使用中,教會Zoom(TAIPU004)
C0028,電腦設備,電腦-桌上型,LENOVO,10A6S1Q500,,26500,,北大第二會堂,3F 導播室,,,使用中,個人Zoom(ZOOMPC)
C0029,電腦設備,平板,小米,,,,,北大第二會堂,3F 導播室,,,使用中,環控
C0030,電腦設備,不斷電系統,EATON,C-3000RN,,26000,,北大第二會堂,3F 導播室,機房,,使用中,
C0031,電腦設備,網路儲存伺服器,QNAP,TS-451+,,11990,2018-01-01,北大第二會堂,3F 導播室,機房,(自購)PCHOME,使用中,
C0032,電腦設備,網路儲存伺服器,QNAP,TS-451+,,11990,2020-07-27,北大第二會堂,3F 導播室,機房,(自購)PCHOME,使用中,
C0033,電腦設備,網路儲存伺服器,Synology,RS3621xs,,145000,2023-06-30,北大第二會堂,3F 導播室,機房,逆轉科技,使用中,
C0034,電腦設備,不斷電系統,科風,KEW45,VGD-1000RM,1100,,北大第二會堂,3F 導播室,機房,,使用中,
C0035,電腦設備,不斷電系統,科風,KEW45,VGD-3000RM,1100,,北大第二會堂,3F 導播室,機房,,已停用,
C0036,電腦設備,電腦-筆記型,MSI,Thin 15 B13UC-1418TW,,28400,2025-01-15,北大第二會堂,3F 辦公室,,(自購)PCHOME,使用中,
C0037,電腦設備,電腦-桌上型,Asus,D320SF-K,,18500,,北大第二會堂,4F A教室,,,使用中,A教室
C0038,電腦設備,電腦-桌上型,Asus,S503MER,,20990,2026-02-21,北大第二會堂,4F B教室,,,使用中,B教室
C0039,電腦設備,電腦-桌上型,MSI,B760,,17579,2025-05-24,北大第二會堂,4F C教室,,(自購)PCHOME,使用中,C教室
C0040,電腦設備,電腦-桌上型,Asus,K30AD_M31AD_M51AD,,18000,,北大第二會堂,4F 親子教室,,,使用中,TAIPU008
C0041,電腦設備,電腦-桌上型,Acer,Aspire TC102-RPL,,30900,2026-02-21,北大第二會堂,4F 辦公室,,,使用中,綠豆(DESKTOP-U56MFMA)
C0042,電腦設備,電腦-桌上型,Acer,Revo RN96,,15900,2022-03-31,北大第二會堂,4F 辦公室,,,使用中,昫瑋(TAIPE010)
C0043,電腦設備,電腦-桌上型,Acer,Revo RN96,,15900,2022-03-31,北大第二會堂,4F 辦公室,,,使用中,財務(TAIPE009)
C0044,電腦設備,電腦-桌上型,Acer,Aspire TC-875,,20900,2021-05-05,北大第二會堂,4F 辦公室,,,使用中,世軒(TAIPE012)
C0045,電腦設備,電腦-桌上型,Acer,Aspire TC-875,,20900,2021-05-05,北大第二會堂,4F 辦公室,,,使用中,柏豪(TAIPU017)
C0046,電腦設備,電腦-桌上型,Apple,"i MAC 24 , M1 , 2021",C02GL1FA13JX,51000,,北大第二會堂,4F 辦公室,,(自購)PCHOME,使用中,心柔電腦
C0047,電腦設備,電腦-桌上型,Apple,,,,,北大第二會堂,4F 辦公室,,,使用中,劉蘊
C0048,電腦設備,電腦-桌上型,Asus,D340MC-C_S340MC,,19500,,北大第二會堂,4F 辦公室,,,使用中,建恩(TAIPE001)
C0049,電腦設備,電腦-桌上型,Asus,,,28248,2023-02-07,北大第二會堂,4F 辦公室,,,使用中,念臻(TAIPE021)
C0050,電腦設備,電腦-桌上型,Asus,BM6835_BM6635_BP6335,,21500,,北大第二會堂,4F 辦公室,,,使用中,音控電腦
C0051,電腦設備,電腦-桌上型,Asus,M52AD_M12AD_A_F_K31AD,,23900,,北大第二會堂,4F 辦公室,,,使用中,工讀生(TAIPE007)
C0052,電腦設備,電腦-桌上型,Asus,D340MC-C_S340MC,,19500,,北大第二會堂,4F 辦公室,,,使用中,梅玲(TAIPE015)
C0053,電腦設備,電腦-桌上型,Asus,D340MC-C_S340MC,,19500,,北大第二會堂,4F 辦公室,,,使用中,郁婷(牧養部)
C0054,電腦設備,電腦-桌上型,Dell,Inspiron 3891,,14999,2021-11-14,北大第二會堂,4F 辦公室,,,使用中,文茜(行政部)
C0055,電腦設備,電腦-桌上型,Gigabyte,,,,,北大第二會堂,4F 辦公室,,,使用中,慎慧(TAIPE018)
C0056,電腦設備,電腦-筆記型,HP,Laptop 15s-du1xxx,,21900,,北大第二會堂,4F 辦公室,,,使用中,TAIPU008
C0057,電腦設備,電腦-桌上型,LENOVO,10AKA07XTW,,21000,,北大第二會堂,4F 辦公室,,,使用中,靜宜(TIAPE020)
C0058,電腦設備,電腦-桌上型,MSI,B760,,34268,2024-08-09,北大第二會堂,4F 辦公室,,,使用中,徐克(TAIPE006)
C0059,電腦設備,電腦-筆記型,MSI,Thin 15 B13UC,,28400,2025-04-09,北大第二會堂,4F 辦公室,,,使用中,TTBPU007
C0060,電腦設備,網路儲存伺服器,QNAP,TS-451+,,16000,2022-01-20,北大第二會堂,4F 辦公室,,(自購)PCHOME,使用中,
C0061,電腦設備,喇叭-主動式聲霸,Toshiab,,,3500,,北大第二會堂,4F 辦公室,,,使用中,
C0062,電腦設備,"電視55""",Young Lighting,YLI55161,,18000,,北大第二會堂,4F 辦公室,,,使用中,
C0063,電腦設備,電腦-桌上型,,,,,,北大第二會堂,4F 辦公室,,,使用中,剪輯電腦
C0064,電腦設備,電腦-桌上型,,,,,,北大第二會堂,4F 辦公室,,,使用中,美莉
C0065,電腦設備,電腦-桌上型,,,,,,北大第二會堂,4F 辦公室,,,使用中,夢萍
C0066,電腦設備,電腦-桌上型,,,,,,北大第二會堂,4F 辦公室,,,使用中,牧師
C0067,電腦設備,電腦-桌上型,Dell,Inspiron 3020 S,,22999,2023-10-28,北大第二會堂,5F 辦公室,,,使用中,郁慈(TTBPU011)
C0068,電腦設備,印表機,Epson,L3350,,4990,,北大第二會堂,5F 辦公室,,,使用中,
C0069,電腦設備,電腦-桌上型,,,,,,北大第二會堂,5F 辦公室,,,使用中,師母
C0070,電腦設備,印表機,HP,Smart Tank 515,,6290,2023-03-14,台北幸福會堂,1F 櫃台,,,使用中,
C0071,電腦設備,電腦-桌上型,MSI,Cubi N ADL-036TW,,8990,2025-01-15,台北幸福會堂,1F 櫃台,,(自購)PCHOME,使用中,
C0072,電腦設備,電腦-筆記型,Asus,,,,,台北幸福會堂,B1 主會堂,控台區,,使用中,Zoom電腦
C0073,電腦設備,電腦-桌上型,MSI,,,,,台北幸福會堂,B1 主會堂,控台區,,使用中,PRO7
C0074,電腦設備,電腦-桌上型,Asus,,,,,台北幸福會堂,B1 副會堂,副控區,,使用中,Zoom電腦
C0075,電腦設備,電腦-桌上型,Dell,,,,,台北幸福會堂,B1 副會堂,副控區,,使用中,PPT電腦
C0076,電腦設備,電腦-筆記型,Acer,,,,,台北幸福會堂,B2 B教室,,,使用中,
C0077,電腦設備,電腦-筆記型,Acer,Aspore Lite 16,,,,台北幸福會堂,B2 C教室,,,使用中,
C0078,電腦設備,電腦-筆記型,Asus,,,,,台北幸福會堂,B2 開放空間,控台區,,使用中,
C0079,電腦設備,印表機,HP,Smart Tank 515,,6290,2023-03-14,飛航福音中心,1F 控台區,,(自購)PCHOME,使用中,
C0080,電腦設備,電腦-桌上型,Lenovo,IdeaCentre 510A-15ICK,,17990,2021-08-01,飛航福音中心,1F 控台區,,(自購)PCHOME,使用中,慧仙
C0081,電腦設備,電腦-桌上型,MSI,B760,,,,飛航福音中心,1F 控台區,,(自購)PCHOME,使用中,PPT電腦
C0082,電腦設備,網路儲存伺服器,Synology,DS1825+,,200000,2026-04-04,桃園會堂,1F 主會堂,控台區,,使用中,TOP-NAS-BK
C0083,電腦設備,電腦-桌上型,Asus,H610,,25258,2026-03-26,北大第二會堂,4F 辦公室,,(自購)PCHOME,使用中,朝棟電腦
C0084,電腦設備,電腦-桌上型,Asus,H-S503MER-514500015W,,23990,2026-04-24,北大第二會堂,4F 親子教室,,(自購)PCHOME,???,
E0001,網路設備,網路防火牆,Fortinet Fortigate,100E FG-60E,,5869,2023-02-01,北大第一會堂,2F 視訊區,,露天拍賣,使用中,
E0002,網路設備,網路交換機,Cisco,Catalyst 2960G,,75000,,北大第二會堂,3F 導播室,機房,,使用中,
E0003,網路設備,網路交換機,Cisco,Catalyst 3750G,,185000,,北大第二會堂,3F 導播室,機房,,使用中,
E0004,網路設備,網路防火牆,Fortinet Fortigate,100E FG-100E,,28000,2021-12-01,北大第二會堂,3F 導播室,機房,露天拍賣,使用中,
E0005,網路設備,網路交換機,Cisco,Catalyst 3750G,,185000,,北大第二會堂,5F 夾層,,,使用中,
E0006,網路設備,網路防火牆,Fortinet Fortigate,100E FG-100E,,28000,2022-12-01,台北幸福會堂,1F 機房,,露天拍賣,使用中,
E0007,網路設備,網路交換機,,L2 Switch,,3600,,台北幸福會堂,1F 機房,,露天拍賣,使用中,
E0008,網路設備,網路交換機,,,,,,台北幸福會堂,B1 副會堂,貓道,,使用中,內網用
E0009,網路設備,網路交換機,Cisco,Catalyst 2960G,,15000,,桃園會堂,1F 主會堂,控台區,露天拍賣,使用中,
E0010,網路設備,網路交換機,TP-Link,,,,,桃園會堂,1F 主會堂,控台區,,使用中,
E0011,網路設備,網路防火牆,,100E FG-100E,,28000,2021-12-01,桃園會堂,1F 主會堂,控台區,露天拍賣,使用中,
V0001,影視設備,LED跑馬燈,,,,,2021-10-20,北大第一會堂,1F 門口,,奎尊,使用中,
V0002,影視設備,"電視牆46"" 3x3拼接",Samsung,UD46E-B,,1153000,2016-03-01,北大第二會堂,1F 大廳,,聲騰,使用中,
V0003,影視設備,"電視55""",Samsung,UD55E-B,,114000,2016-03-01,北大第二會堂,1F 書房,,聲騰,使用中,影像轉播
V0004,影視設備,"電視55""",Panasonic,,,18900,,北大第二會堂,1F 梯間,,,使用中,
V0005,影視設備,"電視55""",Panasonic,TH-55A400W,,34000,2016-03-01,北大第二會堂,2F 梯廳,,數位奇蹟,使用中,
V0006,影視設備,"電視50""",Panasonic,TH-50A410W,,28500,2016-03-01,北大第二會堂,2F 貴賓室,,數位奇蹟,使用中,
V0007,影視設備,LED字幕顯示器,P6 SMD,,,290200,2016-03-01,北大第二會堂,2F 會堂,夾層,聲騰,使用中,字幕機
V0008,影視設備,"電視55""",Panasonic,TH-55A400W,,34000,2016-03-01,北大第二會堂,2F 會堂,後區,數位奇蹟,使用中,
V0009,影視設備,"電視55""",Panasonic,TH-55A400W,,34000,2016-03-01,北大第二會堂,2F 會堂,後區,數位奇蹟,使用中,
V0010,影視設備,"電視50""",Panasonic,TH-50A410W,,26900,,北大第二會堂,2F 會堂,側區,,使用中,移動監看電視
V0011,影視設備,"電視43""",Samsung,QB50R,,25000,2021-04-21,北大第二會堂,2F 會堂,側區,數位奇蹟,使用中,
V0012,影視設備,"電視43""",Samsung,QB50R,,25000,2021-04-21,北大第二會堂,2F 會堂,側區,數位奇蹟,使用中,
V0013,影視設備,LED牆,6 mm 277吋,,,2309580,2016-03-01,北大第二會堂,2F 會堂,舞台區,數位奇蹟,使用中,影像轉播
V0014,影視設備,"電視32""",Samsung,LH32DMEPLGC,,18000,,北大第二會堂,2F 會堂,舞台區,,使用中,舞台監看
V0015,影視設備,"電視32""",Samsung,LH32DMEPLGC,,18000,,北大第二會堂,2F 會堂,舞台區,,使用中,舞台監看
V0016,影視設備,"電視50""",Panasonic,TH-50A410W,,28500,2016-03-01,北大第二會堂,2F 準備室,,數位奇蹟,使用中,
V0017,影視設備,"電視55""",Panasonic,TH-55A400W,,34000,2016-03-01,北大第二會堂,3F 梯廳,,數位奇蹟,使用中,影像轉播
V0018,影視設備,直播機,AREC,LS-110,,,,北大第二會堂,3F 導播室,,鉅程宏業有限公司,使用中,
V0019,影視設備,導播機,Blackmagic Design,ATEM Mini Extreme,,31500,,北大第二會堂,3F 導播室,,,使用中,卓越大學使用
V0020,影視設備,相機,CANON,EOS 600D,,,,北大第二會堂,3F 導播室,,,使用中,
V0021,影視設備,通話系統,Clear-Com,MS-740,,41000,2016-03-01,北大第二會堂,3F 導播室,,數位奇蹟,使用中,影像轉播
V0022,影視設備,相機-穩定器,DJI,RONIN-S,,,,北大第二會堂,3F 導播室,,,使用中,
V0023,影視設備,攝影燈,GodoX,SZ200Bi-LED雙色溫攝影燈,,,,北大第二會堂,3F 導播室,,,使用中,
V0024,影視設備,攝影燈,GodoX,S30-LED聚光燈,,,,北大第二會堂,3F 導播室,,,使用中,
V0025,影視設備,攝影燈,GodoX,八角柔光罩,,,,北大第二會堂,3F 導播室,,,使用中,
V0026,影視設備,攝影燈,GVM,800D RGB II 雙燈組,,,,北大第二會堂,3F 導播室,,,使用中,
V0027,影視設備,"21.5""HD顯示器",Panasonic,BT-LH2170PX,,80000,2016-03-01,北大第二會堂,3F 導播室,,數位奇蹟,使用中,2機監看
V0028,影視設備,"電視50""",Panasonic,TH-50A410W,,28500,2016-03-01,北大第二會堂,3F 導播室,,數位奇蹟,使用中,影像轉播
V0029,影視設備,攝影機控制主機 含控制面板,Panasonic,AG-BS300P,,175000,2016-03-01,北大第二會堂,3F 導播室,,數位奇蹟,使用中,
V0030,影視設備,攝影機控制主機-介面,Panasonic,V2PCS100-5CFWCE-SF-SC,,77000,2016-03-01,北大第二會堂,3F 導播室,,數位奇蹟,使用中,
V0031,影視設備,攝影機控制主機-介面,Panasonic,AJ-C10050G,,24000,2016-03-01,北大第二會堂,3F 導播室,,數位奇蹟,使用中,
V0032,影視設備,攝影機-控制器,Panasonic,AG-CA300G,,80000,2016-03-01,北大第二會堂,3F 導播室,,數位奇蹟,使用中,
V0033,影視設備,相機,Sony,ILME-FX3,,99000,,北大第二會堂,3F 導播室,,,使用中,
V0034,影視設備,相機,Sony,α7S III,,,,北大第二會堂,3F 導播室,,,使用中,
V0035,影視設備,相機-鏡頭,Sony,SEL70200GM2,,89500,,北大第二會堂,3F 導播室,,,使用中,
V0036,影視設備,攝影機,Sony,HXR-NX5N,,135000,,北大第二會堂,3F 導播室,,數位奇蹟,使用中,
V0037,影視設備,錄影機,T2 iDDR,,,800000,2016-03-01,北大第二會堂,3F 導播室,,數位奇蹟,使用中,影像轉播
V0038,影視設備,相機-鏡頭,TAMRON,28-200mm,,,,北大第二會堂,3F 導播室,,,使用中,
V0039,影視設備,相機-鏡頭,TAMRON,17-50mm,,,,北大第二會堂,3F 導播室,,,使用中,
V0040,影視設備,相機-鏡頭,TAMRON,SP 90mm,,,,北大第二會堂,3F 導播室,,,使用中,
V0041,影視設備,攝影機18X HD鏡頭(含保護鏡),,HA18x7.6BERM,,320000,2016-03-01,北大第二會堂,3F 導播室,,數位奇蹟,使用中,1機
V0042,影視設備,攝影機18X HD鏡頭(含保護鏡),,HA18x7.6BERM,,320000,2016-03-01,北大第二會堂,3F 導播室,,數位奇蹟,使用中,3機
V0043,影視設備,攝影機23X HD鏡頭(含保護鏡),,HA23x7.6BERM,,450000,2016-03-01,北大第二會堂,3F 導播室,,數位奇蹟,使用中,2機
V0044,影視設備,攝影機控制介面處理器,,,,50000,2016-03-01,北大第二會堂,3F 導播室,,聲騰,使用中,影像轉播
V0045,影視設備,攝影機-鏡頭控制器,,MS-11DB,,60000,2016-03-01,北大第二會堂,3F 導播室,,數位奇蹟,使用中,影像轉播
V0046,影視設備,環控系統主機,AMX,NXV-300,,95000,2016-03-01,北大第二會堂,3F 導播室,機房,聲騰,使用中,影像轉播
V0047,影視設備,環控系統主機,AMX,NX-3200,,115000,,北大第二會堂,3F 導播室,機房,,使用中,
V0048,影視設備,環控系統主機,AMX,NX-2200,,88000,,北大第二會堂,3F 導播室,機房,,使用中,
V0049,影視設備,轉播系統-子機,AREC,LS-860,,165000,,北大第二會堂,3F 導播室,機房,,使用中,
V0050,影視設備,轉檔工作站,Cambria FTC,,,850000,2016-03-01,北大第二會堂,3F 導播室,機房,數位奇蹟,使用中,影像轉播
V0051,影視設備,導播機-主機,Panasonic,AV-HS60U2P,,1300000,2016-03-01,北大第二會堂,3F 導播室,機房,數位奇蹟,使用中,影像轉播
V0052,影視設備,訊號分配器-視訊,ShinyBow,SB-5669LCM,,235000,2016-03-01,北大第二會堂,3F 導播室,機房,聲騰,使用中,影像轉播
V0053,影視設備,網路儲存伺服器,VSNET,,,2000000,2016-03-01,北大第二會堂,3F 導播室,機房,數位奇蹟,使用中,影像轉播
V0054,影視設備,Digi-MAM主系統,,,,2500000,2016-03-01,北大第二會堂,3F 導播室,機房,數位奇蹟,使用中,影像轉播
V0055,影視設備,電腦-機架式,,,,850000,2016-03-01,北大第二會堂,3F 導播室,機房,數位奇蹟,使用中,排撥系統
V0056,影視設備,轉播系統-主機,,,,,,北大第二會堂,3F 導播室,機房,,使用中,轉播系統
V0057,影視設備,直播機,AREC,LS-200,,65000,2021-08-01,北大第二會堂,3F 翻譯室,,鉅程宏業有限公司,已停用,
V0058,影視設備,直播機,AREC,NU-200,,16000,,北大第二會堂,3F 翻譯室,,鉅程宏業有限公司,已停用,
V0059,影視設備,矩陣分配器-HDMI,ATEN,4x4,,15800,,北大第二會堂,3F 翻譯室,,,使用中,
V0060,影視設備,導播機,Blackmagic Design,ATEM Mini Extreme,,31500,,北大第二會堂,3F 翻譯室,,,已停用,
V0061,影視設備,導播機,DataVideo,SE-2200,,110000,2021-08-01,北大第二會堂,3F 翻譯室,,聲騰,使用中,卓越大學聚會使用
V0062,影視設備,"電視70""",Sharp,,,27900,,北大第二會堂,4F A教室,,,使用中,
V0063,影視設備,"電視70""",AOC,,,16999,2021-08-01,北大第二會堂,4F B教室,,,使用中,
V0064,影視設備,"電視70""",Sharp,,,27900,,北大第二會堂,4F C教室,,數位奇蹟,使用中,
V0065,影視設備,電視,Samsung,,,,,北大第二會堂,4F 走廊區,,,使用中,
V0066,影視設備,電視,Samsung,,,,,北大第二會堂,4F 走廊區,,,使用中,
V0067,影視設備,電視,Samsung,,,,,北大第二會堂,4F 走廊區,,,使用中,
V0068,影視設備,電視,Samsung,,,,,北大第二會堂,4F 走廊區,,,使用中,
V0069,影視設備,"電視55""",Panasonic,TH-55A400W,,34000,2016-03-01,北大第二會堂,4F 牧師辦公室,,數位奇蹟,使用中,影像轉播
V0070,影視設備,"電視55""",Panasonic,TH-55A400W,,34000,2016-03-01,北大第二會堂,4F 梯廳,,數位奇蹟,使用中,影像轉播
V0071,影視設備,投影機,Optama,W515,,58000,,北大第二會堂,4F 親子教室,,,使用中,
V0072,影視設備,"投影幕120""",UNICO,,,,2021-01-01,北大第二會堂,4F 親子教室,,新視代影音科技有限公司,使用中,
V0073,影視設備,"電視55""",Panasonic,TH-55A400W,,34000,2016-03-01,北大第二會堂,4F 辦公室,,數位奇蹟,使用中,影像轉播
V0074,影視設備,EDIUS 工作站,,,,490019,2016-03-01,北大第二會堂,4F 辦公室,,數位奇蹟,使用中,影像轉播
V0075,影視設備,擴大機-無線串流,YAMAHA,WXA-50,,18900,2021-01-01,台北幸福會堂,1F 天花板,,喜朵有限公司,使用中,
V0076,影視設備,"電視70""",,,,,,台北幸福會堂,1F 開放空間,,,使用中,
V0077,影視設備,投影機,Optoma,ZU750,,267750,2021-01-01,台北幸福會堂,B1 主會堂,右區天花板,新視代影音科技有限公司,使用中,
V0078,影視設備,投影機,Optoma,ZU750,,267750,2021-01-01,台北幸福會堂,B1 主會堂,左區天花板,新視代影音科技有限公司,使用中,
V0079,影視設備,轉播系統-子機,AREC,LS-860,,157500,2022-08-01,台北幸福會堂,B1 主會堂,控台區,鉅程宏業有限公司,使用中,
V0080,影視設備,導播機,Blackmagic Design,ATEM Mini,,10763,2021-07-29,台北幸福會堂,B1 主會堂,控台區,富銘科技,使用中,LED導播機
V0081,影視設備,無線圖傳,DJI,,,,,台北幸福會堂,B1 主會堂,控台區,,使用中,
V0082,影視設備,通話系統,HOLLYLAND,SYSCOM 1000T,,162750,2021-07-29,台北幸福會堂,B1 主會堂,控台區,富銘科技,使用中,
V0083,影視設備,無線圖傳,HOLLYLAND,SYSCOM 421,,199500,2021-07-29,台北幸福會堂,B1 主會堂,控台區,富銘科技,使用中,
V0084,影視設備,攝影機,Panasonic,AG-CX350PX,,175600,2023-01-01,台北幸福會堂,B1 主會堂,控台區,日天光彩,使用中,
V0085,影視設備,攝影機-Speed Dome,Panasonic,,,,,台北幸福會堂,B1 主會堂,控台區,,使用中,2機
V0086,影視設備,攝影機專用控制盤,Panasonic,AW-RP60N,,68000,2021-08-01,台北幸福會堂,B1 主會堂,控台區,聲騰,使用中,
V0087,影視設備,相機,Sony,ILME-FX3,,109981,2021-07-29,台北幸福會堂,B1 主會堂,控台區,富銘科技,使用中,
V0088,影視設備,相機-鏡頭,Sony,SEL1635GM2,,,2021-07-29,台北幸福會堂,B1 主會堂,控台區,富銘科技,使用中,
V0089,影視設備,相機-鏡頭,Sony,SEL2470GM2,,,,台北幸福會堂,B1 主會堂,控台區,,使用中,
V0090,影視設備,"電視65""",Panasonic,,,,,台北幸福會堂,B1 主會堂,會眾區,,使用中,
V0091,影視設備,"電視65""",Panasonic,,,,,台北幸福會堂,B1 主會堂,會眾區,,使用中,
V0092,影視設備,"電視55""",誠屏科技,,,45754,2021-01-01,台北幸福會堂,B1 主會堂,會眾區,誠屏科技,使用中,左1會眾電視
V0093,影視設備,"電視55""",誠屏科技,,,45754,2021-01-01,台北幸福會堂,B1 主會堂,會眾區,誠屏科技,使用中,左2會眾電視
V0094,影視設備,"電視55""",誠屏科技,,,45754,2021-01-01,台北幸福會堂,B1 主會堂,會眾區,誠屏科技,使用中,右1會眾電視
V0095,影視設備,"電視55""",誠屏科技,,,45754,2021-01-01,台北幸福會堂,B1 主會堂,會眾區,誠屏科技,使用中,右2會眾電視
V0096,影視設備,攝影機-Speed Dome,Panasonic,,,,,台北幸福會堂,B1 主會堂,舞台區,,使用中,3機
V0097,影視設備,投影機,Panasonic,,,,2023-01-01,台北幸福會堂,B1 副會堂,天花板,豪器飛帆科技有限公司,使用中,
V0098,影視設備,投影幕-光瞬膜iMax,,120吋,,280000,,台北幸福會堂,B1 副會堂,天花板,豪器飛帆科技有限公司,使用中,
V0099,影視設備,轉播系統-子機,AREC,LS-860,,157500,2022-08-01,台北幸福會堂,B1 副會堂,副控區,鉅程宏業有限公司,使用中,
V0100,影視設備,矩陣分配器-SDI,Blackmagic Design,VHUBSMART6G2020,,68985,2021-07-29,台北幸福會堂,B1 副會堂,副控區,富銘科技,使用中,
V0101,影視設備,攝影機,Panasonic,AG-CX350PX,,175600,2023-01-01,台北幸福會堂,B1 副會堂,副控區,日天光彩,使用中,
V0102,影視設備,"電視55""",,,,,,台北幸福會堂,B1 副會堂,會眾區,,使用中,移動電視
V0103,影視設備,"電視55""",誠屏科技,,,45754,2021-01-01,台北幸福會堂,B1 副會堂,舞台區,誠屏科技,使用中,電視牆
V0104,影視設備,"電視55""",誠屏科技,,,45754,2021-01-01,台北幸福會堂,B1 副會堂,舞台區,誠屏科技,使用中,電視牆
V0105,影視設備,"電視55""",誠屏科技,,,45754,2021-01-01,台北幸福會堂,B1 副會堂,舞台區,誠屏科技,使用中,電視牆
V0106,影視設備,"電視55""",誠屏科技,,,45754,2021-01-01,台北幸福會堂,B1 副會堂,舞台區,誠屏科技,使用中,電視牆
V0107,影視設備,"電視55""",誠屏科技,,,45754,2021-01-01,台北幸福會堂,B1 副會堂,舞台區,誠屏科技,使用中,電視牆
V0108,影視設備,"電視55""",誠屏科技,,,45754,2021-01-01,台北幸福會堂,B1 副會堂,舞台區,誠屏科技,使用中,電視牆
V0109,影視設備,"電視55""",誠屏科技,,,45754,2021-01-01,台北幸福會堂,B1 副會堂,舞台區,誠屏科技,使用中,電視牆
V0110,影視設備,"電視55""",誠屏科技,,,45754,2021-01-01,台北幸福會堂,B1 副會堂,舞台區,誠屏科技,使用中,電視牆
V0111,影視設備,"電視55""",誠屏科技,,,45754,2021-01-01,台北幸福會堂,B1 副會堂,舞台區,誠屏科技,使用中,電視牆
V0112,影視設備,"電視55""",誠屏科技,,,45754,2021-01-01,台北幸福會堂,B1 副會堂,舞台區,誠屏科技,使用中,電視牆
V0113,影視設備,"電視55""",誠屏科技,,,45754,2021-01-01,台北幸福會堂,B1 副會堂,舞台區,誠屏科技,使用中,電視牆
V0114,影視設備,"電視55""",誠屏科技,,,45754,2021-01-01,台北幸福會堂,B1 副會堂,舞台區,誠屏科技,使用中,電視牆
V0115,影視設備,"電視55""",誠屏科技,,,45754,2021-01-01,台北幸福會堂,B1 副會堂,舞台區,誠屏科技,使用中,電視牆
V0116,影視設備,"電視55""",誠屏科技,,,45754,2021-01-01,台北幸福會堂,B1 副會堂,舞台區,誠屏科技,使用中,電視牆
V0117,影視設備,"電視55""",誠屏科技,,,45754,2021-01-01,台北幸福會堂,B1 副會堂,舞台區,誠屏科技,使用中,電視牆
V0118,影視設備,"電視55""",誠屏科技,,,45754,2021-01-01,台北幸福會堂,B1 副會堂,舞台區,誠屏科技,使用中,電視牆
V0119,影視設備,網路交換機,,,,,,台北幸福會堂,B1 副會堂,貓道,,使用中,視訊用
V0120,影視設備,"電視55""",Panasonic,,,,,台北幸福會堂,B2 A教室,,,使用中,
V0121,影視設備,"電視70""",RANSO,RA-70RFD6A,,19988,2021-10-06,台北幸福會堂,B2 B教室,,,使用中,
V0122,影視設備,"電視70""",RANSO,RA-70RFD6A,,19988,2021-10-06,台北幸福會堂,B2 C教室,,,使用中,
V0123,影視設備,"電視70""",RANSO,RA-70RFD6A,,19988,2021-10-06,台北幸福會堂,B2 D教室,,,使用中,
V0124,影視設備,"電視70""",RANSO,RA-70RFD6A,,19988,2021-10-06,台北幸福會堂,B2 E教室,,,使用中,
V0125,影視設備,投影機,Epson,EH-TW570,,,,台北幸福會堂,B2 開放空間,,喜朵有限公司,使用中,
V0126,影視設備,"投影幕90""",UNICO,,,,2021-01-01,台北幸福會堂,B2 開放空間,,新視代影音科技有限公司,使用中,
V0127,影視設備,音控台,Behringer,XENYX X1204USB,,10290,2021-01-01,台北幸福會堂,B2 開放空間,控台區,喜朵有限公司,使用中,
V0128,影視設備,擴大機-無線串流,YAMAHA,WXA-50,,18900,2021-01-01,台北幸福會堂,B2 開放空間,控台區,喜朵有限公司,使用中,
V0129,影視設備,"電視70""",小米,,,,,飛航福音中心,1F 會堂,,(自購)PCHOME,使用中,
V0130,影視設備,"電視55""",,,,,,飛航福音中心,2F 視訊區,,,使用中,移動電視
V0131,影視設備,LED牆,P2 LED,,,285000,2021-12-10,桃園會堂,1F 大廳,,奎尊,使用中,LED牆
V0132,影視設備,"電視55""",Panasonic,TH-55A400W,,34000,2016-03-01,桃園會堂,1F 大廳,入口處,數位奇蹟,使用中,
V0133,影視設備,攝影機,Sony,HXR-NX5N,,55000,,桃園會堂,1F 主會堂,技術區,數位奇蹟,使用中,
V0134,影視設備,相機,Canon,EOS 5D Mark III,,86900,2016-03-01,桃園會堂,1F 主會堂,相機櫃,,使用中,
V0135,影視設備,相機-鏡頭,Canon,RF24-70mm,,35000,2016-03-01,桃園會堂,1F 主會堂,相機櫃,,使用中,
V0136,影視設備,相機-鏡頭,Canon,RF70-200mm,,,,桃園會堂,1F 主會堂,相機櫃,,使用中,
V0137,影視設備,直播機,AREC,LS-110,,42000,2023-09-15,桃園會堂,1F 主會堂,控台區,鉅程宏業有限公司,使用中,
V0138,影視設備,轉播系統-子機,AREC,LS-860,,157500,2022-08-01,桃園會堂,1F 主會堂,控台區,鉅程宏業有限公司,使用中,
V0139,影視設備,通話系統,DataVideo,TIC-100,,400000,,桃園會堂,1F 主會堂,控台區,數位奇蹟,使用中,
V0140,影視設備,錄影機,DataVideo,HDR-60,,55000,,桃園會堂,1F 主會堂,控台區,數位奇蹟,使用中,
V0141,影視設備,影像控制器,Novastar,V1060,,38000,,桃園會堂,1F 主會堂,控台區,奎尊,使用中,
V0142,影視設備,遙控攝影系統-主機,Panasonic,AW-RP50,,12000,,桃園會堂,1F 主會堂,控台區,數位奇蹟,使用中,
V0143,影視設備,矩陣分配器-HDMI,ShinyBow,SB-5669LCM,,235000,2016-03-01,桃園會堂,1F 主會堂,控台區,數位奇蹟,使用中,
V0144,影視設備,不斷電系統,科風,KEW45,VGD-3000RM,1100,,桃園會堂,1F 主會堂,控台區,數位奇蹟,使用中,
V0145,影視設備,遙控攝影系統-子機,,,,,,桃園會堂,1F 主會堂,控台區,數位奇蹟,使用中,
V0146,影視設備,遙控攝影系統-子機,,,,,,桃園會堂,1F 主會堂,控台區,數位奇蹟,使用中,
V0147,影視設備,電視,,,,,,桃園會堂,1F 主會堂,會眾區,數位奇蹟,使用中,
V0148,影視設備,電視,,,,,,桃園會堂,1F 主會堂,會眾區,數位奇蹟,使用中,
V0149,影視設備,電視,,,,,,桃園會堂,1F 主會堂,會眾區,數位奇蹟,使用中,
V0150,影視設備,電視,,,,,,桃園會堂,1F 主會堂,會眾區,數位奇蹟,使用中,
V0151,影視設備,導播機,AVMATRIX,SHARK S8X-CN,,100000,2025-12-07,桃園會堂,1F 主會堂,舞台區,日天光彩,使用中,
V0152,影視設備,LED牆,P2 LED,,,1000000,2021-08-01,桃園會堂,1F 主會堂,舞台區,奎尊,使用中,LED牆
V0153,影視設備,"電視55""",,,,,,桃園會堂,1F 主會堂,舞台區,數位奇蹟,使用中,左舞台
V0154,影視設備,"電視55""",,,,,,桃園會堂,1F 主會堂,舞台區,數位奇蹟,使用中,左舞台
V0155,影視設備,"電視55""",,,,,,桃園會堂,1F 主會堂,舞台區,數位奇蹟,使用中,左舞台
V0156,影視設備,"電視55""",,,,,,桃園會堂,1F 主會堂,舞台區,數位奇蹟,使用中,左舞台
V0157,影視設備,"電視55""",,,,,,桃園會堂,1F 主會堂,舞台區,數位奇蹟,使用中,右舞台
V0158,影視設備,"電視55""",,,,,,桃園會堂,1F 主會堂,舞台區,數位奇蹟,使用中,右舞台
V0159,影視設備,"電視55""",,,,,,桃園會堂,1F 主會堂,舞台區,數位奇蹟,使用中,右舞台
V0160,影視設備,"電視55""",,,,,,桃園會堂,1F 主會堂,舞台區,數位奇蹟,使用中,右舞台
V0161,影視設備,"電視55""",,,,,,桃園會堂,2F 活動區,,數位奇蹟,使用中,
V0162,影視設備,"電視55""",,,,,,桃園會堂,2F 活動區,,數位奇蹟,使用中,
V0163,影視設備,"電視55""",,,,,,桃園會堂,2F 活動區,,數位奇蹟,使用中,
V0164,影視設備,"電視55""",,,,,,桃園會堂,2F 活動區,,數位奇蹟,使用中,
V0165,影視設備,PTZ攝影機,Rocware,RC310,,4980,2026-03-26,飛航福音中心,1F 會堂,,(自購)PCHOME,使用中,
L0001,燈光設備,訊號分配器-燈光,Lite-Puter,DP-82II,,14500,,北大第二會堂,3F 導播室,機房,,使用中,
L0002,燈光設備,環境照明控制系統-介面,Lite-Puter,DP-5,,10500,,北大第二會堂,3F 導播室,機房,,使用中,
L0003,燈光設備,環境照明控制系統-處理器,Lite-Puter,DP-E3B,,18000,,北大第二會堂,3F 導播室,機房,,使用中,
L0004,燈光設備,訊號分配器-燈光,Magic,DMX-08,,2500,,北大第二會堂,3F 導播室,機房,,使用中,
L0005,燈光設備,訊號分配器-燈光,Magic,DMX-08,,2500,,北大第二會堂,3F 導播室,機房,,使用中,
L0006,燈光設備,訊號分配器-燈光,3Pole,DXA2218x,,,,台北幸福會堂,B1 副會堂,貓道,,使用中,
L0007,燈光設備,定點燈-Leko,,,,,,桃園會堂,1F 主會堂,天花板,日天光彩,使用中,
L0008,燈光設備,定點燈-Leko,,,,,,桃園會堂,1F 主會堂,天花板,日天光彩,使用中,
L0009,燈光設備,定點燈-Leko,,,,,,桃園會堂,1F 主會堂,天花板,日天光彩,使用中,
L0010,燈光設備,定點燈-Leko,,,,,,桃園會堂,1F 主會堂,天花板,日天光彩,使用中,
L0011,燈光設備,定點燈-RGB矩陣燈,,,,,,桃園會堂,1F 主會堂,天花板,日天光彩,使用中,
L0012,燈光設備,定點燈-RGB矩陣燈,,,,,,桃園會堂,1F 主會堂,天花板,日天光彩,使用中,
L0013,燈光設備,定點燈-RGB矩陣燈,,,,,,桃園會堂,1F 主會堂,天花板,日天光彩,使用中,
L0014,燈光設備,定點燈-RGB矩陣燈,,,,,,桃園會堂,1F 主會堂,天花板,日天光彩,使用中,
L0015,燈光設備,定點燈-二頭燈,,,,,,桃園會堂,1F 主會堂,天花板,日天光彩,使用中,
L0016,燈光設備,定點燈-二頭燈,,,,,,桃園會堂,1F 主會堂,天花板,日天光彩,使用中,
L0017,燈光設備,定點燈-面光帕燈,,,,,,桃園會堂,1F 主會堂,天花板,日天光彩,使用中,
L0018,燈光設備,定點燈-面光帕燈,,,,,,桃園會堂,1F 主會堂,天花板,日天光彩,使用中,
L0019,燈光設備,定點燈-面光帕燈,,,,,,桃園會堂,1F 主會堂,天花板,日天光彩,使用中,
L0020,燈光設備,定點燈-面光帕燈,,,,,,桃園會堂,1F 主會堂,天花板,日天光彩,使用中,
L0021,燈光設備,定點燈-面光帕燈,,,,,,桃園會堂,1F 主會堂,天花板,日天光彩,使用中,
L0022,燈光設備,定點燈-面光帕燈,,,,,,桃園會堂,1F 主會堂,天花板,日天光彩,使用中,
L0023,燈光設備,定點燈-面光帕燈,,,,,,桃園會堂,1F 主會堂,天花板,日天光彩,使用中,
L0024,燈光設備,定點燈-面光帕燈,,,,,,桃園會堂,1F 主會堂,天花板,日天光彩,使用中,
L0025,燈光設備,搖頭燈-Beam燈,,,,,,桃園會堂,1F 主會堂,天花板,日天光彩,使用中,
L0026,燈光設備,搖頭燈-Beam燈,,,,,,桃園會堂,1F 主會堂,天花板,日天光彩,使用中,
L0027,燈光設備,搖頭燈-Beam燈,,,,,,桃園會堂,1F 主會堂,天花板,日天光彩,使用中,
L0028,燈光設備,搖頭燈-Beam燈,,,,,,桃園會堂,1F 主會堂,天花板,日天光彩,使用中,
L0029,燈光設備,搖頭燈-SPOT燈,,,,,,桃園會堂,1F 主會堂,天花板,日天光彩,使用中,
L0030,燈光設備,搖頭燈-SPOT燈,,,,,,桃園會堂,1F 主會堂,天花板,日天光彩,使用中,
L0031,燈光設備,搖頭燈-SPOT燈,,,,,,桃園會堂,1F 主會堂,天花板,日天光彩,使用中,
L0032,燈光設備,搖頭燈-SPOT燈,,,,,,桃園會堂,1F 主會堂,天花板,日天光彩,使用中,
L0033,燈光設備,搖頭燈-SPOT燈,,,,,,桃園會堂,1F 主會堂,天花板,日天光彩,使用中,
L0034,燈光設備,搖頭燈-SPOT燈,,,,,,桃園會堂,1F 主會堂,天花板,日天光彩,使用中,
L0035,燈光設備,搖頭燈-SPOT燈,,,,,,桃園會堂,1F 主會堂,天花板,日天光彩,使用中,
L0036,燈光設備,搖頭燈-SPOT燈,,,,,,桃園會堂,1F 主會堂,天花板,日天光彩,使用中,
L0037,燈光設備,搖頭燈-WASH燈,,,,,,桃園會堂,1F 主會堂,天花板,日天光彩,使用中,
L0038,燈光設備,搖頭燈-WASH燈,,,,,,桃園會堂,1F 主會堂,天花板,日天光彩,使用中,
L0039,燈光設備,搖頭燈-WASH燈,,,,,,桃園會堂,1F 主會堂,天花板,日天光彩,使用中,
L0040,燈光設備,搖頭燈-WASH燈,,,,,,桃園會堂,1F 主會堂,天花板,日天光彩,使用中,
L0041,燈光設備,訊號分配器-燈光,CA8802 Pro-A,,,6500,,桃園會堂,1F 主會堂,技術區,日天光彩,使用中,
L0042,燈光設備,燈控台,Mesa Avolite,Pearl 2010,,15000,,桃園會堂,1F 主會堂,技術區,日天光彩,使用中,
L0043,燈光設備,定點燈-RGB帕燈,,LED 200W RGBW,,7500,2021-08-01,桃園會堂,1F 主會堂,舞台區,日天光彩,使用中,
L0044,燈光設備,定點燈-RGB帕燈,,LED 200W RGBW,,7500,2021-08-01,桃園會堂,1F 主會堂,舞台區,日天光彩,使用中,
L0045,燈光設備,定點燈-RGB帕燈,,LED 200W RGBW,,7500,2021-08-01,桃園會堂,1F 主會堂,舞台區,日天光彩,使用中,
L0046,燈光設備,定點燈-RGB帕燈,,LED 200W RGBW,,7500,2021-08-01,桃園會堂,1F 主會堂,舞台區,日天光彩,使用中,
L0047,燈光設備,定點燈-RGB帕燈,,LED 200W RGBW,,7500,2021-08-01,桃園會堂,1F 主會堂,舞台區,日天光彩,使用中,
L0048,燈光設備,定點燈-RGB帕燈,,LED 200W RGBW,,7500,2021-08-01,桃園會堂,1F 主會堂,舞台區,日天光彩,使用中,
L0049,燈光設備,定點燈-RGB帕燈,,LED 200W RGBW,,7500,2021-08-01,桃園會堂,1F 主會堂,舞台區,日天光彩,使用中,
L0050,燈光設備,定點燈-RGB帕燈,,LED 200W RGBW,,7500,2021-08-01,桃園會堂,1F 主會堂,舞台區,日天光彩,使用中,
L0051,燈光設備,訊號分配器-燈光,3Pole,DXA3481x,,16500,,桃園會堂,1F 機房,,日天光彩,使用中,
L0052,燈光設備,訊號分配器-燈光,Lite-Puter,DP-82II,,13500,,桃園會堂,1F 機房,,日天光彩,使用中,
L0053,燈光設備,環境照明控制系統-中央資料處理器,Lite-Puter,DP-E3B,,18000,,桃園會堂,1F 機房,,日天光彩,使用中,
L0054,燈光設備,環境照明控制系統-介面,Lite-Puter,DP-5,,14500,,桃園會堂,1F 機房,,日天光彩,使用中,
L0055,燈光設備,環境照明控制系統-介面,Lite-Puter,DP-5,,14500,,桃園會堂,1F 機房,,日天光彩,使用中,
L0056,燈光設備,定點燈-Leko,,,,31651,2016-03-01,北大第二會堂,2F 會堂,天花板,銳升,使用中,舞台燈光
L0057,燈光設備,定點燈-Leko,,,,31651,2016-03-01,北大第二會堂,2F 會堂,天花板,銳升,使用中,舞台燈光
L0058,燈光設備,定點燈-Leko,,,,31651,2016-03-01,北大第二會堂,2F 會堂,天花板,銳升,使用中,舞台燈光
L0059,燈光設備,定點燈-Leko,,,,31651,2016-03-01,北大第二會堂,2F 會堂,天花板,銳升,使用中,舞台燈光
L0060,燈光設備,定點燈-Leko,,,,31651,2016-03-01,北大第二會堂,2F 會堂,天花板,銳升,使用中,舞台燈光
L0061,燈光設備,定點燈-Leko,,,,31651,2016-03-01,北大第二會堂,2F 會堂,天花板,銳升,使用中,舞台燈光
L0062,燈光設備,定點燈-RGB帕燈,,,,,,北大第二會堂,2F 會堂,天花板,,使用中,
L0063,燈光設備,定點燈-RGB帕燈,,,,,,北大第二會堂,2F 會堂,天花板,,使用中,
L0064,燈光設備,定點燈-RGB帕燈,,,,,,北大第二會堂,2F 會堂,天花板,,使用中,
L0065,燈光設備,定點燈-RGB帕燈,,,,,,北大第二會堂,2F 會堂,天花板,,使用中,
L0066,燈光設備,定點燈-RGB帕燈,,,,,,北大第二會堂,2F 會堂,天花板,,使用中,
L0067,燈光設備,定點燈-RGB帕燈,,,,,,北大第二會堂,2F 會堂,天花板,,使用中,
L0068,燈光設備,定點燈-四頭燈,,,,11120,2016-03-01,北大第二會堂,2F 會堂,天花板,銳升,使用中,舞台燈光
L0069,燈光設備,定點燈-四頭燈,,,,11120,2016-03-01,北大第二會堂,2F 會堂,天花板,銳升,使用中,舞台燈光
L0070,燈光設備,定點燈-四頭燈,,,,11120,2016-03-01,北大第二會堂,2F 會堂,天花板,銳升,使用中,舞台燈光
L0071,燈光設備,定點燈-四頭燈,,,,11120,2016-03-01,北大第二會堂,2F 會堂,天花板,銳升,使用中,舞台燈光
L0072,燈光設備,定點燈-面光帕燈,,,,11121,2016-03-01,北大第二會堂,2F 會堂,天花板,銳升,使用中,面光燈
L0073,燈光設備,定點燈-面光帕燈,,,,11121,2016-03-01,北大第二會堂,2F 會堂,天花板,銳升,使用中,面光燈
L0074,燈光設備,定點燈-面光帕燈,,,,11121,2016-03-01,北大第二會堂,2F 會堂,天花板,銳升,使用中,面光燈
L0075,燈光設備,定點燈-面光帕燈,,,,11121,2016-03-01,北大第二會堂,2F 會堂,天花板,銳升,使用中,面光燈
L0076,燈光設備,定點燈-面光帕燈,,,,11121,2016-03-01,北大第二會堂,2F 會堂,天花板,銳升,使用中,頂光燈
L0077,燈光設備,定點燈-面光帕燈,,,,11121,2016-03-01,北大第二會堂,2F 會堂,天花板,銳升,使用中,頂光燈
L0078,燈光設備,搖頭燈-3合1,,,,,,北大第二會堂,2F 會堂,天花板,,使用中,
L0079,燈光設備,搖頭燈-3合1,,,,,,北大第二會堂,2F 會堂,天花板,,使用中,
L0080,燈光設備,搖頭燈-3合1,,,,,,北大第二會堂,2F 會堂,天花板,,使用中,
L0081,燈光設備,搖頭燈-3合1,,,,,,北大第二會堂,2F 會堂,天花板,,使用中,
L0082,燈光設備,搖頭燈-3合1,,,,,,北大第二會堂,2F 會堂,天花板,,使用中,
L0083,燈光設備,搖頭燈-3合1,,,,,,北大第二會堂,2F 會堂,天花板,,使用中,
L0084,燈光設備,搖頭燈-染色燈,,,,31651,2016-03-01,北大第二會堂,2F 會堂,天花板,銳升,使用中,舞台燈光
L0085,燈光設備,搖頭燈-染色燈,,,,31651,2016-03-01,北大第二會堂,2F 會堂,天花板,銳升,使用中,舞台燈光
L0086,燈光設備,搖頭燈-染色燈,,,,31651,2016-03-01,北大第二會堂,2F 會堂,天花板,銳升,使用中,舞台燈光
L0087,燈光設備,搖頭燈-染色燈,,,,31651,2016-03-01,北大第二會堂,2F 會堂,天花板,銳升,使用中,舞台燈光
L0088,燈光設備,搖頭燈-染色燈,,,,31651,2016-03-01,北大第二會堂,2F 會堂,天花板,銳升,使用中,舞台燈光
L0089,燈光設備,搖頭燈-染色燈,,,,31651,2016-03-01,北大第二會堂,2F 會堂,天花板,銳升,使用中,舞台燈光
L0090,燈光設備,搖頭燈-染色燈,,,,31651,2016-03-01,北大第二會堂,2F 會堂,天花板,銳升,使用中,舞台燈光
L0091,燈光設備,搖頭燈-染色燈,,,,31651,2016-03-01,北大第二會堂,2F 會堂,天花板,銳升,使用中,舞台燈光
L0092,燈光設備,搖頭燈-染色燈,,,,31651,2016-03-01,北大第二會堂,2F 會堂,天花板,銳升,使用中,舞台燈光
L0093,燈光設備,搖頭燈-染色燈,,,,31651,2016-03-01,北大第二會堂,2F 會堂,天花板,銳升,使用中,舞台燈光
L0094,燈光設備,煙機,KS,LFAturbo,,28229,2016-03-01,北大第二會堂,2F 會堂,舞台區,銳升,使用中,舞台燈光
L0095,燈光設備,煙機,ICE-101E,,,18820,2016-03-01,北大第二會堂,2F 會堂,貓道,銳升,使用中,舞台燈光
L0096,燈光設備,燈控台,頑馬,,,90000,2021-10-30,北大第二會堂,3F 控台區,,日天光彩,使用中,
L0097,燈光設備,矩陣分配器-HDMI,ATEN,VM5808H,,,,台北幸福會堂,B1 主會堂,控台區,日天光彩,使用中,
L0098,燈光設備,導播機,Blackmagic Design,ATEM SDI Extreme ISO,,55300,,台北幸福會堂,B1 主會堂,控台區,日天光彩,使用中,主導播機
L0099,燈光設備,燈控台,King-Kong,DMX-512,,20000,2021-01-01,台北幸福會堂,B1 主會堂,控台區,九聲,使用中,
L0100,燈光設備,定點燈-面光帕燈,URANUS LED,200W 3200K COB,,10500,2021-08-01,台北幸福會堂,B1 主會堂,會眾區,日天光彩,使用中,
L0101,燈光設備,定點燈-面光帕燈,URANUS LED,200W 3200K COB,,10500,2021-08-01,台北幸福會堂,B1 主會堂,會眾區,日天光彩,使用中,
L0102,燈光設備,定點燈-面光帕燈,URANUS LED,200W 3200K COB,,10500,2021-08-01,台北幸福會堂,B1 主會堂,會眾區,日天光彩,使用中,
L0103,燈光設備,定點燈-面光帕燈,URANUS LED,200W 3200K COB,,10500,2021-08-01,台北幸福會堂,B1 主會堂,會眾區,日天光彩,使用中,
L0104,燈光設備,定點燈-面光帕燈,URANUS LED,200W 3200K COB,,10500,2021-08-01,台北幸福會堂,B1 主會堂,會眾區,日天光彩,使用中,
L0105,燈光設備,定點燈-面光帕燈,URANUS LED,200W 3200K COB,,10500,2021-08-01,台北幸福會堂,B1 主會堂,會眾區,日天光彩,使用中,
L0106,燈光設備,定點燈-面光帕燈,URANUS LED,200W 3200K COB,,10500,2021-08-01,台北幸福會堂,B1 主會堂,會眾區,日天光彩,使用中,
L0107,燈光設備,定點燈-面光帕燈,URANUS LED,200W 3200K COB,,10500,2021-08-01,台北幸福會堂,B1 主會堂,會眾區,日天光彩,使用中,
L0108,燈光設備,定點燈-面光帕燈,URANUS LED,200W 3200K COB,,10500,2021-08-01,台北幸福會堂,B1 主會堂,會眾區,日天光彩,使用中,
L0109,燈光設備,定點燈-面光帕燈,URANUS LED,200W 3200K COB,,10500,2021-08-01,台北幸福會堂,B1 主會堂,會眾區,日天光彩,使用中,
L0110,燈光設備,定點式-燈霸,,LED 1810 HIGHTPOWER,,,,台北幸福會堂,B1 主會堂,舞台區,日天光彩,使用中,
L0111,燈光設備,定點式-燈霸,,LED 1810 HIGHTPOWER,,,,台北幸福會堂,B1 主會堂,舞台區,日天光彩,使用中,
L0112,燈光設備,定點式-燈霸,,LED 1810 HIGHTPOWER,,,,台北幸福會堂,B1 主會堂,舞台區,日天光彩,使用中,
L0113,燈光設備,定點式-燈霸,,LED 1810 HIGHTPOWER,,,,台北幸福會堂,B1 主會堂,舞台區,日天光彩,使用中,
L0114,燈光設備,定點燈-RGB帕燈,,,,10000,2021-01-01,台北幸福會堂,B1 主會堂,舞台區,喜朵,使用中,二手
L0115,燈光設備,定點燈-RGB帕燈,,,,10000,2021-01-01,台北幸福會堂,B1 主會堂,舞台區,喜朵,使用中,二手
L0116,燈光設備,定點燈-RGB帕燈,,,,10000,2021-01-01,台北幸福會堂,B1 主會堂,舞台區,喜朵,使用中,二手
L0117,燈光設備,定點燈-RGB帕燈,,,,10000,2021-01-01,台北幸福會堂,B1 主會堂,舞台區,喜朵,使用中,二手
L0118,燈光設備,定點燈-RGB帕燈,,,,10000,2021-01-01,台北幸福會堂,B1 主會堂,舞台區,喜朵,使用中,二手
L0119,燈光設備,定點燈-RGB帕燈,,,,10000,2021-01-01,台北幸福會堂,B1 主會堂,舞台區,喜朵,使用中,二手
L0120,燈光設備,定點燈-RGB帕燈,,,,10000,2021-01-01,台北幸福會堂,B1 主會堂,舞台區,喜朵,使用中,二手
L0121,燈光設備,定點燈-RGB帕燈,,,,10000,2021-01-01,台北幸福會堂,B1 主會堂,舞台區,喜朵,使用中,二手
L0122,燈光設備,定點燈-RGB帕燈,,,,10000,2021-01-01,台北幸福會堂,B1 主會堂,舞台區,喜朵,使用中,二手
L0123,燈光設備,定點燈-RGB帕燈,,,,10000,2021-01-01,台北幸福會堂,B1 主會堂,舞台區,喜朵,使用中,二手
L0124,燈光設備,定點燈-RGB帕燈,,,,10000,2021-01-01,台北幸福會堂,B1 主會堂,舞台區,喜朵,使用中,二手
L0125,燈光設備,定點燈-RGB帕燈,,,,10000,2021-01-01,台北幸福會堂,B1 主會堂,舞台區,喜朵,使用中,二手
L0126,燈光設備,定點燈-Leko,,,,,,台北幸福會堂,B1 副會堂,天花板,,使用中,
L0127,燈光設備,定點燈-Leko,,,,,,台北幸福會堂,B1 副會堂,天花板,,使用中,
L0128,燈光設備,定點燈-Leko,,,,,,台北幸福會堂,B1 副會堂,天花板,,使用中,
L0129,燈光設備,定點燈-Leko,,,,,,台北幸福會堂,B1 副會堂,天花板,,使用中,
L0130,燈光設備,燈控台,頑馬,MA2,,90000,,台北幸福會堂,B1 副會堂,副控區,日天光彩,使用中,
L0131,燈光設備,定點燈-面光帕燈,URANUS LED,200W 3200K COB,,10500,2021-08-01,台北幸福會堂,B1 副會堂,舞台區,日天光彩,使用中,
L0132,燈光設備,定點燈-面光帕燈,URANUS LED,200W 3200K COB,,10500,2021-08-01,台北幸福會堂,B1 副會堂,舞台區,日天光彩,使用中,
L0133,燈光設備,定點燈-面光帕燈,URANUS LED,200W 3200K COB,,10500,2021-08-01,台北幸福會堂,B1 副會堂,舞台區,日天光彩,使用中,
L0134,燈光設備,定點燈-面光帕燈,URANUS LED,200W 3200K COB,,10500,2021-08-01,台北幸福會堂,B1 副會堂,舞台區,日天光彩,使用中,
L0135,燈光設備,定點燈-面光帕燈,URANUS LED,200W 3200K COB,,10500,2021-08-01,台北幸福會堂,B1 副會堂,舞台區,日天光彩,使用中,
L0136,燈光設備,定點燈-面光帕燈,URANUS LED,200W 3200K COB,,10500,2021-08-01,台北幸福會堂,B1 副會堂,舞台區,日天光彩,使用中,
L0137,燈光設備,煙機,高德,Z-380,,15000,2021-08-01,台北幸福會堂,B1 副會堂,舞台區,日天光彩,使用中,
L0138,燈光設備,搖頭燈-Beam燈,,S280Z,,47905,2016-03-01,台北幸福會堂,B1 副會堂,舞台區,銳升,使用中,舞台燈光
L0139,燈光設備,搖頭燈-Beam燈,,S280Z,,47905,2016-03-01,台北幸福會堂,B1 副會堂,舞台區,銳升,使用中,舞台燈光
L0140,燈光設備,搖頭燈-Beam燈,,S280Z,,47905,2016-03-01,台北幸福會堂,B1 副會堂,舞台區,銳升,使用中,舞台燈光
L0141,燈光設備,搖頭燈-Beam燈,,S280Z,,47905,2016-03-01,台北幸福會堂,B1 副會堂,舞台區,銳升,使用中,舞台燈光
L0142,燈光設備,搖頭燈-染色燈,,,,31651,2016-03-01,台北幸福會堂,B1 副會堂,舞台區,銳升,使用中,舞台燈光
L0143,燈光設備,搖頭燈-染色燈,,,,31651,2016-03-01,台北幸福會堂,B1 副會堂,舞台區,銳升,使用中,舞台燈光
L0144,燈光設備,搖頭燈-染色燈,,,,31651,2016-03-01,台北幸福會堂,B1 副會堂,舞台區,銳升,使用中,舞台燈光
L0145,燈光設備,搖頭燈-染色燈,,,,31651,2016-03-01,台北幸福會堂,B1 副會堂,舞台區,銳升,使用中,舞台燈光
L0146,燈光設備,定點燈-RGB 平板燈,,,,10000,2021-01-01,台北幸福會堂,B1 副會堂,舞台區,喜朵,使用中,二手
L0147,燈光設備,定點燈-RGB 平板燈,,,,10000,2021-01-01,台北幸福會堂,B1 副會堂,舞台區,喜朵,使用中,二手
L0148,燈光設備,定點燈-RGB 平板燈,,,,10000,2021-01-01,台北幸福會堂,B1 副會堂,舞台區,喜朵,使用中,二手
L0149,燈光設備,定點燈-RGB 平板燈,,,,10000,2021-01-01,台北幸福會堂,B1 副會堂,舞台區,喜朵,使用中,二手
L0150,燈光設備,定點燈-RGB 平板燈,,,,10000,2021-01-01,台北幸福會堂,B1 副會堂,舞台區,喜朵,使用中,二手
L0151,燈光設備,定點燈-RGB 平板燈,,,,10000,2021-01-01,台北幸福會堂,B1 副會堂,舞台區,喜朵,使用中,二手
L0152,燈光設備,定點燈-RGB 平板燈,,,,10000,2021-01-01,台北幸福會堂,B1 副會堂,舞台區,喜朵,使用中,二手
L0153,燈光設備,定點燈-RGB 平板燈,,,,10000,2021-01-01,台北幸福會堂,B1 副會堂,舞台區,喜朵,使用中,二手
L0154,燈光設備,定點燈-RGB 平板燈,,,,10000,2021-01-01,台北幸福會堂,B1 副會堂,舞台區,喜朵,使用中,二手
R0001,錄音設備,無線收音麥克風組,NUX,B-10 VLOG,,,,北大第二會堂,3F 導播室,,,使用中,
R0002,錄音設備,電容式麥克風,RODE,NT1,,,,北大第二會堂,3F 導播室,,,使用中,
R0003,錄音設備,電容式麥克風,RODE,NT1,,,,北大第二會堂,3F 導播室,,,使用中,
R0004,錄音設備,無線收音麥克風組,Sennheiser,EW G4,,,,北大第二會堂,3F 導播室,,,使用中,
R0005,錄音設備,無線收音麥克風組,Sony,URX-P2/UTX-B2,,,,北大第二會堂,3F 導播室,,,使用中,
M0354,音響設備,主動式-類比音控台,淘寶-無牌,6 CH 256 DSP,,6000,2026-05-28,北大第二會堂,4F 親子教室,,喜樂彭派,使用中,
M0355,音響設備,主動式-類比音控台,淘寶-無牌,6 CH 256 DSP,,6000,2026-05-28,北大第二會堂,4F A教室,,喜樂彭派,使用中,
M0356,音響設備,主動式-類比音控台,淘寶-無牌,6 CH 256 DSP,,6000,2026-05-28,北大第二會堂,4F B教室,,喜樂彭派,使用中,
M0357,音響設備,主動式-類比音控台,淘寶-無牌,6 CH 256 DSP,,6000,2026-05-28,北大第二會堂,4F C教室,,喜樂彭派,使用中,
M0358,音響設備,主動式-類比音控台,淘寶-無牌,6 CH 256 DSP,,6000,2026-05-28,桃園會堂,2F A教室,,喜樂彭派,使用中,
M0359,音響設備,主動式-類比音控台,淘寶-無牌,6 CH 256 DSP,,6000,2026-05-28,桃園會堂,2F B教室,,喜樂彭派,使用中,
M0360,音響設備,主動式-類比音控台,淘寶-無牌,6 CH 256 DSP,,6000,2026-05-28,桃園會堂,2F 活動區,,喜樂彭派,使用中,
C0085,電腦設備,筆記型電腦,ASUS,V3607V,W2N0CV08B039099,38999,2026-06-03,卓越大學教會,北大分會,,(自購)PCHOME,使用中,
